property,def,superPropertyList
http://purl.obolibrary.org/obo/RO_0002257,Inverse of developmentally induced by,http://purl.obolibrary.org/obo/RO_0002286 http://purl.obolibrary.org/obo/RO_0002386
http://purl.obolibrary.org/obo/RO_0000302,"A relation that holds between a neuron that is synapsed_to another neuron or a neuron that is connected indirectly to another by a chain of neurons, each synapsed_to the next.",http://purl.obolibrary.org/obo/RO_0000300
http://purl.obolibrary.org/obo/BFO_0000063,"x precedes y if and only if the time point at which x ends is before or equivalent to the time point at which y starts. Formally: x precedes y iff ω(x) <= α(y), where α is a function that maps a process to a start point, and ω is a function that maps a process to an end point.",http://purl.obolibrary.org/obo/RO_0002222
http://purl.obolibrary.org/obo/RO_0002093,,http://purl.obolibrary.org/obo/RO_0002222
http://purl.obolibrary.org/obo/RO_0002081,,http://purl.obolibrary.org/obo/RO_0002222
http://purl.obolibrary.org/obo/RO_0002593,x existence starts at point y if and only if the time point at which x starts is equivalent to the time point at which y ends.,http://purl.obolibrary.org/obo/RO_0002487
http://purl.obolibrary.org/obo/RO_0002636,A sub-relation of parasite-of in which the parasite is partially an endoparasite and partially an ectoparasite,http://purl.obolibrary.org/obo/RO_0002444
http://purl.obolibrary.org/obo/RO_0000056,"a relation between a continuant and a process, in which the continuant is somehow involved in the process",
http://purl.obolibrary.org/obo/RO_0002624,,http://purl.obolibrary.org/obo/RO_0002444 http://purl.obolibrary.org/obo/RO_0002618
http://purl.obolibrary.org/obo/RO_HOM0000013,Syntenic homology that involves chromosomes of different species.,http://purl.obolibrary.org/obo/RO_HOM0000010
http://purl.obolibrary.org/obo/RO_0002491,x existence starts and ends during y if and only if the start of x is part of y and the end of x is part of y. Formally: x existence starts and ends during y iff α(x) >= α(y) & α(x) <= ω(y) & ω(x) <= ω(y) & ω(x) >= α(y),http://purl.obolibrary.org/obo/RO_0002488 http://purl.obolibrary.org/obo/RO_0002492
http://purl.obolibrary.org/obo/RO_0000301,"A relation that holds between a neuron that is synapsed_to another neuron or a neuron that is connected indirectly to another by a chain of neurons, each synapsed_to the next.",http://purl.obolibrary.org/obo/RO_0000300
http://purl.obolibrary.org/obo/RO_0002441,An interaction relationship between two organisms living together in more or less intimate association in a relationship in which one benefits and the other is unaffected (GO).,http://purl.obolibrary.org/obo/RO_0002440
http://purl.obolibrary.org/obo/RO_0000052,"a relation between a specifically dependent continuant (the dependent) and an independent continuant (the bearer), in which the dependent specifically depends on the bearer for its existence",http://purl.obolibrary.org/obo/RO_0002314
http://purl.obolibrary.org/obo/RO_0002223,inverse of starts with,http://purl.obolibrary.org/obo/BFO_0000050 http://purl.obolibrary.org/obo/RO_0002222
http://purl.obolibrary.org/obo/RO_0002610,"A relationship that holds between two entities, where the entities exhibit a statistical dependence relationship. The entities may be statistical variables, or they may be other kinds of entities such as diseases, chemical entities or processes.",http://purl.obolibrary.org/obo/RO_0002609
http://purl.obolibrary.org/obo/RO_0002082,,http://purl.obolibrary.org/obo/RO_0002081
http://purl.obolibrary.org/obo/RO_0002320,A relationship that holds via some environmental process,
http://purl.obolibrary.org/obo/RO_0002592,"p results in organization of c iff p results in the assembly, arrangement of constituent parts, or disassembly of c",http://purl.obolibrary.org/obo/RO_0000057
http://purl.obolibrary.org/obo/RO_HOM0000017,Historical homology that involves genes that diverged after a speciation event.,http://purl.obolibrary.org/obo/RO_HOM0000007
http://purl.obolibrary.org/obo/RO_HOM0000068,"Xenology that is characterized by multiple horizontal transfer events, resulting in the presence of two or more copies of the foreign gene in the host genome.",http://purl.obolibrary.org/obo/RO_HOM0000018
http://purl.obolibrary.org/obo/RO_0002551,A relation between a segment or subdivision of an organism and the maximal subdivision of material entities that provides structural support for that segment or subdivision.,http://purl.obolibrary.org/obo/BFO_0000051
http://purl.obolibrary.org/obo/RO_0002625,,http://purl.obolibrary.org/obo/RO_0002619 http://purl.obolibrary.org/obo/RO_0002445
http://purl.obolibrary.org/obo/RO_0002637,,http://purl.obolibrary.org/obo/RO_0002445
http://purl.obolibrary.org/obo/RO_0002334,inverse of regulates,http://purl.obolibrary.org/obo/RO_0002427
http://purl.obolibrary.org/obo/RO_0002226,x develops_in y if x is located in y whilst x is developing,http://purl.obolibrary.org/obo/RO_0002258
http://purl.obolibrary.org/obo/RO_0002216,"c stands in this relationship to p if and only if there exists some p' such that c is capable_of p', and p' is part_of p.",http://purl.obolibrary.org/obo/RO_0002328 http://purl.obolibrary.org/obo/RO_0002500
http://purl.obolibrary.org/obo/RO_0002341,"Holds between p and l when p is a transportation or localization process and the outcome of this process is to move c from one location to another, and the route taken by c follows a path that is aligned_with l ",http://purl.obolibrary.org/obo/RO_0002337
http://purl.obolibrary.org/obo/RO_0002091,,http://purl.obolibrary.org/obo/RO_0002222
http://purl.obolibrary.org/obo/RO_HOM0000037,"Historical homology that involves a structure that has no other homologs in the species in which it is defined, and several homologous structures in another species.",http://purl.obolibrary.org/obo/RO_HOM0000007
http://purl.obolibrary.org/obo/RO_0002440,A biotic interaction in which the two organisms live together in more or less intimate association.,http://purl.obolibrary.org/obo/RO_0002574
http://purl.obolibrary.org/obo/RO_0002241,"A broad relationship between an exposure event or process and any agent, stimulus, activity, or event that causes stress or tension on an organism and interacts with an exposure receptor during an exposure event.",http://purl.obolibrary.org/obo/RO_0002244
http://purl.obolibrary.org/obo/RO_0002583,x existence starts at point y if and only if the time point at which x starts is equivalent to the time point at which y ends.,http://purl.obolibrary.org/obo/RO_0002487
http://purl.obolibrary.org/obo/RO_0002433,"p contributes to morphology of w if and only if a change in the morphology of p entails a change in the morphology of w. Examples: every skull contributes to morphology of the head which it is a part of. Counter-example: nuclei do not generally contribute to the morphology of the cell they are part of, as they are buffered by cytoplasm.",http://purl.obolibrary.org/obo/RO_0002131
http://purl.obolibrary.org/obo/RO_0002514,A relation that holds between two entities that have the property of being sequences or having sequences. ,
http://purl.obolibrary.org/obo/BFO_0000050,a core relation that holds between a part and its whole,http://purl.obolibrary.org/obo/RO_0002131
http://purl.obolibrary.org/obo/RO_HOM0000046,Historical homology that involves not recombining and subsequently differentiated sex chromosomes.,http://purl.obolibrary.org/obo/RO_HOM0000047
http://purl.obolibrary.org/obo/RO_0002634,,http://purl.obolibrary.org/obo/RO_0002444
http://purl.obolibrary.org/obo/RO_0002629,"p 'directly positively regulates' q if and only if p and q are processes, and p positively regulates q, and q directly follows from p",http://purl.obolibrary.org/obo/RO_0002578 http://purl.obolibrary.org/obo/RO_0002213
http://purl.obolibrary.org/obo/RO_0002622,,http://purl.obolibrary.org/obo/RO_0002618
http://purl.obolibrary.org/obo/RO_0001023,"A relation between a condition (a phenotype or disease) of a host and a material entity, in which the material entity is part of the host itself, and the condition results in pathological processes that include an abnormally strong immune response against the material entity.",http://purl.obolibrary.org/obo/RO_0003302
http://purl.obolibrary.org/obo/RO_0001015,"a relation between two independent continuants, the location and the target, in which the target is entirely within the location",
http://purl.obolibrary.org/obo/RO_0002108,Relation between a muscle and a motor neuron that synapses to it via a type II bouton.,http://purl.obolibrary.org/obo/RO_0002103
http://purl.obolibrary.org/obo/RO_0002586,p results in breakdown of c if and only if the execution of p leads to c no longer being present at the end of p,http://purl.obolibrary.org/obo/RO_0002233
http://purl.obolibrary.org/obo/RO_0002092,,http://purl.obolibrary.org/obo/RO_0002093
http://purl.obolibrary.org/obo/RO_0002599,"Holds between a material entity c and a pathological process p if and only if c is capable of some activity a, where a inhibits p.",http://purl.obolibrary.org/obo/RO_0002597
http://purl.obolibrary.org/obo/RO_0002565,Holds between p and c when p is locomotion process and the outcome of this process is the change of location of c,http://purl.obolibrary.org/obo/RO_0000057
http://purl.obolibrary.org/obo/RO_0002120," Relation between a neuron and an anatomical structure (including cells) that it chemically synapses to.
        ",http://purl.obolibrary.org/obo/RO_0000302
http://purl.obolibrary.org/obo/RO_0003003,Holds between protein a (a transcription factor) and DNA element b if and only if a activates the process of transcription of b.,http://purl.obolibrary.org/obo/RO_0002450
http://purl.obolibrary.org/obo/RO_0002355,A relationship between a process and an anatomical entity such that the process contributes to the act of creating the structural organization of the anatomical entity.,http://purl.obolibrary.org/obo/RO_0000057 http://purl.obolibrary.org/obo/RO_0002295
http://purl.obolibrary.org/obo/RO_0002515,x is sequentially adjacent to y iff x and y do not overlap and if there are no base units intervening between x and y,http://purl.obolibrary.org/obo/RO_0002527
http://purl.obolibrary.org/obo/RO_0002521,x is sequentially aligned with if a significant portion bases of x and y correspond in terms of their base type and their relative ordering,http://purl.obolibrary.org/obo/RO_0002514
http://purl.obolibrary.org/obo/RO_0002219,"x surrounded_by y if and only if (1) x is adjacent to y and for every region r that is adjacent to x, r overlaps y (2) the shared boundary between x and y occupies the majority of the outermost boundary of x",http://purl.obolibrary.org/obo/RO_0002220
http://purl.obolibrary.org/obo/RO_0002383,x proper_tributary_of y iff x tributary_of y and x does not originate from y,http://purl.obolibrary.org/obo/RO_0002376
http://purl.obolibrary.org/obo/RO_0002623,,http://purl.obolibrary.org/obo/RO_0002619
http://purl.obolibrary.org/obo/RO_0002502,,
http://purl.obolibrary.org/obo/RO_0002333,inverse of enables,
http://purl.obolibrary.org/obo/RO_0002635,,http://purl.obolibrary.org/obo/RO_0002445
http://purl.obolibrary.org/obo/RO_0002429,,http://purl.obolibrary.org/obo/RO_0002428
http://purl.obolibrary.org/obo/RO_0002405,,http://purl.obolibrary.org/obo/RO_0002404 http://purl.obolibrary.org/obo/RO_0002087
http://purl.obolibrary.org/obo/RO_0002085,,http://purl.obolibrary.org/obo/RO_0002088
http://purl.obolibrary.org/obo/RO_0002114,A relation between a motor neuron and a muscle that it synapses to via a type III bouton.,http://purl.obolibrary.org/obo/RO_0002120
http://purl.obolibrary.org/obo/RO_0002254,x has developmental contribution from y iff x has some part z such that z develops from y,http://purl.obolibrary.org/obo/RO_0002258
http://purl.obolibrary.org/obo/RO_0002584,s 'has part structure that is capable of' p if and only if there exists some part x such that s 'has part' x and x 'capable of' p,http://purl.obolibrary.org/obo/RO_0002595 http://purl.obolibrary.org/obo/RO_0002328
http://purl.obolibrary.org/obo/RO_0002357,"p results in developmental induction of c if and only if p is a collection of cell-cell signaling processes that signal to a neighbouring tissue that is the precursor of the mature c, where the signaling results in the commitment to cell types necessary for the formation of c.",http://purl.obolibrary.org/obo/RO_0002295
http://purl.obolibrary.org/obo/RO_0002332,p regulates levels of c if p regulates some amount (PATO:0000070) of c,http://purl.obolibrary.org/obo/RO_0002328
http://purl.obolibrary.org/obo/RO_0002449,Holds between molecules a and b if and only if a executes a process that directly diminishes a process executed by b.,http://purl.obolibrary.org/obo/RO_0002448
http://purl.obolibrary.org/obo/RO_HOM0000003,Similarity that is characterized by the organization of anatomical structures through the expression of homologous or identical patterning genes.,http://purl.obolibrary.org/obo/RO_HOM0000000 http://purl.obolibrary.org/obo/RO_0002320
http://purl.obolibrary.org/obo/RO_0002112,Relation between a muscle and a motor neuron that synapses to it via a type Is bouton.,http://purl.obolibrary.org/obo/RO_0002103
http://purl.obolibrary.org/obo/RO_0002400,"p has direct input c iff c is a participant in p, c is present at the start of p, and the state of c is modified during p.",http://purl.obolibrary.org/obo/RO_0002233
http://purl.obolibrary.org/obo/RO_0002616,,
http://purl.obolibrary.org/obo/RO_0002003,A relation that holds between two neurons that are electrically coupled via gap junctions.,http://purl.obolibrary.org/obo/RO_0000300
http://purl.obolibrary.org/obo/RO_0002086,,http://purl.obolibrary.org/obo/RO_0002222
http://purl.obolibrary.org/obo/RO_0002472,"A relationship between a piece of evidence a and some entity b, where b is  an information content entity, material entity or process, and 
the a supports either the existence of b, or the truth value of b.",http://purl.obolibrary.org/obo/RO_0002616
http://purl.obolibrary.org/obo/RO_0002340,"Holds between p and c when p is a transportation or localization process and the outcome of this process is to move c to a destination that is part of some s, where the start location of c is part of the region that surrounds s.",http://purl.obolibrary.org/obo/RO_0002313
http://purl.obolibrary.org/obo/RO_0002479,"p has part that occurs in c if and only if there exists some p1, such that p has_part p1, and p1 occurs in c.",
http://purl.obolibrary.org/obo/RO_HOM0000001,Similarity that results from common evolutionary origin.,http://purl.obolibrary.org/obo/RO_0002158 http://purl.obolibrary.org/obo/RO_HOM0000000
http://purl.obolibrary.org/obo/RO_0002342,"Holds between p and m when p is a transportation or localization process and the outcome of this process is to move c from one location to another, and the route taken by c follows a path that crosses m.",http://purl.obolibrary.org/obo/RO_0002344
http://purl.obolibrary.org/obo/RO_0002404,inverse of upstream of,http://purl.obolibrary.org/obo/BFO_0000062 http://purl.obolibrary.org/obo/RO_0002427
http://purl.obolibrary.org/obo/RO_0002508,,http://purl.obolibrary.org/obo/RO_0002566
http://purl.obolibrary.org/obo/RO_0002100,Relation between a neuron and an anatomical structure that its soma is part of.,http://purl.obolibrary.org/obo/RO_0002131
http://purl.obolibrary.org/obo/RO_0002228,A sub-relations of parasite-of in which the parasite that can complete its life cycle independent of a host.,http://purl.obolibrary.org/obo/RO_0002444
http://purl.obolibrary.org/obo/RO_0002102,Relation between a neuron and some structure its axon forms (chemical) synapses in.,http://purl.obolibrary.org/obo/RO_0002113
http://purl.obolibrary.org/obo/RO_0002431,c involved in or regulates p if and only if either (i) c is involved in p or (ii) c is involved in regulation of p,http://purl.obolibrary.org/obo/RO_0002328 http://purl.obolibrary.org/obo/RO_0002500
http://purl.obolibrary.org/obo/RO_0002083,,http://purl.obolibrary.org/obo/RO_0002081
http://purl.obolibrary.org/obo/RO_0002375,"A relationship that holds between two material entities in a system of connected structures, where the branching relationship holds based on properties of the connecting network.",http://purl.obolibrary.org/obo/BFO_0000050 http://purl.obolibrary.org/obo/RO_0002323
http://purl.obolibrary.org/obo/RO_0002524,x has subsequence y iff all of the sequence parts of x are sequence parts of y,http://purl.obolibrary.org/obo/BFO_0000051 http://purl.obolibrary.org/obo/RO_0002522 http://purl.obolibrary.org/obo/RO_0002526
http://purl.obolibrary.org/obo/RO_0002386,x has potential to developmentally induce y iff x developmentally induces y or x is capable of developmentally inducing y,http://purl.obolibrary.org/obo/RO_0002384
http://purl.obolibrary.org/obo/RO_0002516,"x has start sequence y if the start of x is identical to the start of y, and x has y as a subsequence",http://purl.obolibrary.org/obo/RO_0002524
http://purl.obolibrary.org/obo/RO_0002408,,http://purl.obolibrary.org/obo/RO_0002630
http://purl.obolibrary.org/obo/RO_0002291,"x is ubiquitously expressed in y if and only if x is expressed in y, and the majority of cells in y express x",http://purl.obolibrary.org/obo/RO_0002206
http://purl.obolibrary.org/obo/RO_0002626,,http://purl.obolibrary.org/obo/RO_0002574
http://purl.obolibrary.org/obo/RO_HOM0000051,Paedomorphosis that is produced by delayed growth of immature structures into the adult form.,http://purl.obolibrary.org/obo/RO_HOM0000029
http://purl.obolibrary.org/obo/RO_HOM0000036,Historical homology that involves two members of a larger set of homologs.,http://purl.obolibrary.org/obo/RO_HOM0000007
http://purl.obolibrary.org/obo/RO_0002084,,http://purl.obolibrary.org/obo/RO_0002222
http://purl.obolibrary.org/obo/RO_0002597,"Holds between c and p if and only if c is capable of some activity a, and a negatively regulates p.",http://purl.obolibrary.org/obo/RO_0002596
http://purl.obolibrary.org/obo/RO_0002436,An interaction relationship in which the two partners are molecular entities and are executing molecular processes that are directly causally connected.,http://purl.obolibrary.org/obo/RO_0002434
http://purl.obolibrary.org/obo/RO_0002409,,http://purl.obolibrary.org/obo/RO_0002212
http://purl.obolibrary.org/obo/RO_0002176,"c connects a if and only if there exist some b such that a and b are similar parts of the same system, and c connects b, specifically, c connects a with b. When one structure connects two others it unites some aspect of the function or role they play within the system.",http://purl.obolibrary.org/obo/RO_0002323
http://purl.obolibrary.org/obo/RO_HOM0000065,Similarity that is characterized by interchangeability in function.,http://purl.obolibrary.org/obo/RO_HOM0000000
http://purl.obolibrary.org/obo/RO_0002627,,http://purl.obolibrary.org/obo/RO_0002574
http://purl.obolibrary.org/obo/RO_0002331,"c involved_in p if and only if c enables some process p', and p' is part of p",http://purl.obolibrary.org/obo/RO_0002431
http://purl.obolibrary.org/obo/RO_0002506,,http://purl.obolibrary.org/obo/RO_0002410
http://purl.obolibrary.org/obo/RO_0002639,,http://purl.obolibrary.org/obo/RO_0002635
http://purl.obolibrary.org/obo/RO_0002500,A relationship between a material entity and a process where the material entity has some causal role that influences the process,http://purl.obolibrary.org/obo/RO_0002595
http://purl.obolibrary.org/obo/RO_0002330,"holds between two entities when some genome-level process such as gene expression is involved. This includes transcriptional, spliceosomal events. These relations can be used between either macromolecule entities (such as regions of nucleic acid) or between their abstract informational counterparts.",
http://purl.obolibrary.org/obo/RO_0002089,,http://purl.obolibrary.org/obo/RO_0002222
http://purl.obolibrary.org/obo/RO_0002596,"Holds between c and p if and only if c is capable of some activity a, and a regulates p.",http://purl.obolibrary.org/obo/RO_0002500
http://purl.obolibrary.org/obo/RO_0002356,"The relationship linking a cell and its participation in a process that results in the fate of the cell being specified. Once specification has taken place, a cell will be committed to differentiate down a specific pathway if left in its normal environment. ",http://purl.obolibrary.org/obo/RO_0002295
http://purl.obolibrary.org/obo/RO_0001022,"A relation between a condition (a phenotype or disease) of a host and a material entity, in which the material entity is not part of the host, and is considered harmless to non-allergic hosts, and the condition results in pathological processes that include an abnormally strong immune response against the material entity.",http://purl.obolibrary.org/obo/RO_0003302
http://purl.obolibrary.org/obo/RO_0002503,"q towards e2 if and only if q is a relational quality such that q inheres-in some e, and e != e2 and q is dependent on e2",http://purl.obolibrary.org/obo/RO_0002502
http://purl.obolibrary.org/obo/RO_0002518,"x has end sequence y if the end of x is identical to the end of y, and x has y as a subsequence",http://purl.obolibrary.org/obo/RO_0002524
http://purl.obolibrary.org/obo/RO_0002349,"p 'results in determination of' c if and only if p is a developmental process and c is a cell and p results in the state of c changing to be determined. Once a cell becomes determined, it becomes committed to differentiate down a particular pathway regardless of its environment.",http://purl.obolibrary.org/obo/RO_0002295
http://purl.obolibrary.org/obo/RO_HOM0000063,Historical homology that involves orthologous pairs of interacting molecules in different organisms.,http://purl.obolibrary.org/obo/RO_HOM0000007
http://purl.obolibrary.org/obo/RO_HOM0000053,"Xenology that results, not from the transfer of a gene between two species, but from a hybridization of two species.",http://purl.obolibrary.org/obo/RO_HOM0000018
http://purl.obolibrary.org/obo/RO_HOM0000072,Biological homology that involves an ectopic structure and the normally positioned structure.,http://purl.obolibrary.org/obo/RO_HOM0000008
http://purl.obolibrary.org/obo/RO_0002314,q inheres in part of w if and only if there exists some p such that q inheres in p and p part of w.,http://purl.obolibrary.org/obo/RO_0002502
http://purl.obolibrary.org/obo/RO_0002522,"x bounds the sequence of y iff the upstream-most part of x is upstream of or coincident with the upstream-most part of y, and the downstream-most part of x is downstream of or coincident with the downstream-most part of y",http://purl.obolibrary.org/obo/RO_0002514
http://purl.obolibrary.org/obo/RO_0002323,A mereological relationship or a topological relationship,
http://purl.obolibrary.org/obo/RO_0002411,p is causally upstream of q if and only if p precedes q and p and q are linked in a causal chain,http://purl.obolibrary.org/obo/BFO_0000063 http://purl.obolibrary.org/obo/RO_0002418
http://purl.obolibrary.org/obo/BFO_0000062,"x is preceded by y if and only if the time point at which y ends is before or equivalent to the time point at which x starts. Formally: x preceded by y iff ω(y) <= α(x), where α is a function that maps a process to a start point, and ω is a function that maps a process to an end point.",http://purl.obolibrary.org/obo/RO_0002086
http://purl.obolibrary.org/obo/RO_0002212,"x negatively regulates y if and only if the progression of x reduces the frequency, rate or extent of y",http://purl.obolibrary.org/obo/RO_0002211
http://purl.obolibrary.org/obo/RO_0002296,p 'results in development of' c if and only if p is a developmental process and p results in the state of c changing from its initial state as a primordium or anlage through its mature state and to its final state.,http://purl.obolibrary.org/obo/RO_0000057 http://purl.obolibrary.org/obo/RO_0002295
http://purl.obolibrary.org/obo/RO_0002163,A is spatially_disjoint_from B if and only if they have no parts in common,http://purl.obolibrary.org/obo/RO_0002323
http://purl.obolibrary.org/obo/RO_HOM0000032,Paedomorphosis that is produced by a retardation of somatic development.,http://purl.obolibrary.org/obo/RO_HOM0000029
http://purl.obolibrary.org/obo/RO_0002385,x has potential to developmentrally contribute to y iff x developmentally contributes to y or x is capable of developmentally contributing to y,http://purl.obolibrary.org/obo/RO_0002384
http://purl.obolibrary.org/obo/RO_0002614,A relationship between a piece of evidence and an entity that plays a role in supporting that evidence.,http://purl.obolibrary.org/obo/RO_0002616
http://purl.obolibrary.org/obo/RO_0002528,inverse of downstream of sequence of,http://purl.obolibrary.org/obo/RO_0002527
http://purl.obolibrary.org/obo/RO_HOM0000010,Structural homology that is detected by similarity in content and organization between chromosomes.,http://purl.obolibrary.org/obo/RO_HOM0000006
http://purl.obolibrary.org/obo/RO_0002438,An interaction relationship in which the partners are related via a feeding relationship.,http://purl.obolibrary.org/obo/RO_0002574
http://purl.obolibrary.org/obo/RO_0002087,,http://purl.obolibrary.org/obo/BFO_0000062
http://purl.obolibrary.org/obo/RO_HOM0000073,Synology that results from allopolyploidy.,http://purl.obolibrary.org/obo/RO_HOM0000053 http://purl.obolibrary.org/obo/RO_HOM0000022
http://purl.obolibrary.org/obo/RO_0002179,"Relation between an collecting structure and another structure, where the collecting structure acts as a conduit channeling fluid, substance or energy away from the other structure.",http://purl.obolibrary.org/obo/RO_0002170
http://purl.obolibrary.org/obo/RO_0003301,"Relation between a research artifact and an entity it is used to study, in virtue of its replicating or approximating features of the studied entity.",
http://purl.obolibrary.org/obo/RO_0000092,,http://purl.obolibrary.org/obo/RO_0000052
http://purl.obolibrary.org/obo/RO_0002495,"x immediate transformation of y iff x immediately succeeds y temporally at a time boundary t, and all of the matter present in x at t is present in y at t, and all the matter in y at t is present in x at t",http://purl.obolibrary.org/obo/RO_0002207 http://purl.obolibrary.org/obo/RO_0002494 http://purl.obolibrary.org/obo/RO_0002087
http://purl.obolibrary.org/obo/RO_0002286,Inverse of developmentally preceded by,http://purl.obolibrary.org/obo/RO_0002384
http://purl.obolibrary.org/obo/RO_0002618,,http://purl.obolibrary.org/obo/RO_0002574
http://purl.obolibrary.org/obo/RO_0002493,x existence ends with y if and only if the time point at which x ends is equivalent to the time point at which y ends. Formally: x existence ends with y iff ω(x) = ω(y).,http://purl.obolibrary.org/obo/RO_0002492
http://purl.obolibrary.org/obo/RO_0002388,x has potential to directly develop into y iff x directly develops into y or x is capable of directly developing into y,http://purl.obolibrary.org/obo/RO_0002387
http://purl.obolibrary.org/obo/RO_0002008,A relation that holds between two linear structures that are approximately parallel to each other for their entire length and where either the two structures are adjacent to each other or one is part of the other.,http://purl.obolibrary.org/obo/RO_0002323
http://purl.obolibrary.org/obo/RO_0002570,"x is a conduit for y iff y overlaps through the lumen_of of x, and y has parts on either side of the lumen of x.",http://purl.obolibrary.org/obo/RO_0002131
http://purl.obolibrary.org/obo/RO_0002553,x is a hyperparasite of y iff x is a parasite of a parasite of the target organism y,http://purl.obolibrary.org/obo/RO_0002454
http://purl.obolibrary.org/obo/RO_0002229,inverse of ends with,http://purl.obolibrary.org/obo/BFO_0000050 http://purl.obolibrary.org/obo/RO_0002222
http://purl.obolibrary.org/obo/RO_0002630,"p 'directly negatively regulates' q if and only if p and q are processes, and p negatively regulates q, and q directly follows from p",http://purl.obolibrary.org/obo/RO_0002212 http://purl.obolibrary.org/obo/RO_0002578
http://purl.obolibrary.org/obo/RO_0002372,"m has_muscle_origin s iff m is attached_to s, and it is the case that when m contracts, s does not move. The site of the origin tends to be more proximal and have greater mass than what the other end attaches to.",http://purl.obolibrary.org/obo/RO_0002371 http://purl.obolibrary.org/obo/RO_0002567
http://purl.obolibrary.org/obo/RO_0002088,,http://purl.obolibrary.org/obo/RO_0002222
http://purl.obolibrary.org/obo/RO_0002606,"c is a substance that treats d if c is a material entity (such as a small molecule or compound) and d is a pathological process, phenotype or disease, and c is capable of some activity that negative regulates or decreases the magnitude of d.",http://purl.obolibrary.org/obo/RO_0002599
http://purl.obolibrary.org/obo/RO_0002107,A relation between a motor neuron and a muscle that it synapses to via a type II bouton.,http://purl.obolibrary.org/obo/RO_0002120
http://purl.obolibrary.org/obo/RO_0002180,"w 'has component' p if w 'has part' p and w is such that it can be directly disassembled into into n parts p, p2, p3, ..., pn, where these parts are of similar type.",http://purl.obolibrary.org/obo/BFO_0000051
http://purl.obolibrary.org/obo/RO_0002497,x existence ends during or before y if and only if the time point at which x ends is before or equivalent to the time point at which y ends.,http://purl.obolibrary.org/obo/RO_0002487
http://purl.obolibrary.org/obo/RO_HOM0000007,Homology that is defined by common descent.,http://purl.obolibrary.org/obo/RO_HOM0000001
http://purl.obolibrary.org/obo/RO_0002619,,http://purl.obolibrary.org/obo/RO_0002574
http://purl.obolibrary.org/obo/RO_HOM0000025,"1:many orthology that involves a gene in species A and one of its ortholog in species B, when duplications more recent than the species split have occurred in species B but not in species A.",http://purl.obolibrary.org/obo/RO_HOM0000034
http://purl.obolibrary.org/obo/RO_0002450,Holds between molecules a and b if and only if a executes a process that directly activates a process executed by b.,http://purl.obolibrary.org/obo/RO_0002448
http://purl.obolibrary.org/obo/RO_HOM0000074,"Iterative homology that involves two structures, one of which originated as a duplicate of the other and co-opted the expression of patterning genes of the ancestral structure.",http://purl.obolibrary.org/obo/RO_HOM0000066 http://purl.obolibrary.org/obo/RO_HOM0000003
http://purl.obolibrary.org/obo/RO_0002501,"p is causally related to q if and only if p or any part of p and q or any part of q are linked by a chain of events where each event pair is one of direct activation or direct inhibition. p may be upstream, downstream, part of or a container of q.",http://purl.obolibrary.org/obo/RO_0002410
http://purl.obolibrary.org/obo/RO_0002360,,http://purl.obolibrary.org/obo/RO_0002131
http://purl.obolibrary.org/obo/RO_0002478,A child nucleus relationship in which the cells are part of a male organism,http://purl.obolibrary.org/obo/RO_0002476
http://purl.obolibrary.org/obo/RO_0002481,,http://purl.obolibrary.org/obo/RO_0002564
http://purl.obolibrary.org/obo/RO_HOM0000015,"Structural homology that is detected at the level of the 3D protein structure, but maybe not at the level of the amino acid sequence.",http://purl.obolibrary.org/obo/RO_HOM0000006
http://purl.obolibrary.org/obo/RO_0002287,,http://purl.obolibrary.org/obo/RO_0002286
http://purl.obolibrary.org/obo/RO_0002293,inverse of ubiquiotously expressed in,http://purl.obolibrary.org/obo/RO_0002292
http://purl.obolibrary.org/obo/RO_HOM0000049,Paralogy that involves genes from the same species.,http://purl.obolibrary.org/obo/RO_HOM0000011
http://purl.obolibrary.org/obo/RO_0002590,,http://purl.obolibrary.org/obo/RO_0002592 http://purl.obolibrary.org/obo/RO_0002586
http://purl.obolibrary.org/obo/RO_HOM0000000,Relation between biological objects that resemble or are related to each other sufficiently to warrant a comparison.,
http://purl.obolibrary.org/obo/RO_HOM0000054,Orthology that involves functional equivalent genes with retention of the ancestral function.,http://purl.obolibrary.org/obo/RO_HOM0000062 http://purl.obolibrary.org/obo/RO_HOM0000017
http://purl.obolibrary.org/obo/RO_0002232,x 'has end location' y if and only if there exists some process z such that x 'ends with' z and z 'occurs in' y,http://purl.obolibrary.org/obo/RO_0002479
http://purl.obolibrary.org/obo/RO_HOM0000062,Historical homology that involves functional equivalent genes with retention of the ancestral function.,http://purl.obolibrary.org/obo/RO_HOM0000007 http://purl.obolibrary.org/obo/RO_HOM0000065
http://purl.obolibrary.org/obo/RO_0002482,,http://purl.obolibrary.org/obo/RO_0002564
http://purl.obolibrary.org/obo/RO_0002470,,http://purl.obolibrary.org/obo/RO_0002438
http://purl.obolibrary.org/obo/RO_0002591,,http://purl.obolibrary.org/obo/RO_0002233 http://purl.obolibrary.org/obo/RO_0002592
http://purl.obolibrary.org/obo/RO_HOM0000047,Historical homology that involves the chromosomes able to pair (synapse) during meiosis.,http://purl.obolibrary.org/obo/RO_HOM0000007
http://purl.obolibrary.org/obo/RO_HOM0000075,Historical homology that involves orthologous pairs of transcription factors and downstream regulated genes in different organisms.,http://purl.obolibrary.org/obo/RO_HOM0000007
http://purl.obolibrary.org/obo/RO_HOM0000052,Peramorphosis that is produced by a delay in the offset of development.,http://purl.obolibrary.org/obo/RO_HOM0000030
http://purl.obolibrary.org/obo/RO_0002324,A relationship that holds between entities participating in some developmental process (GO:0032502),
http://purl.obolibrary.org/obo/RO_0002299,The relationship that links an entity with a process that results in the progression of the entity over time that is independent of changes in it's shape and results in an end point state of that entity.,http://purl.obolibrary.org/obo/RO_0000057 http://purl.obolibrary.org/obo/RO_0002295
http://purl.obolibrary.org/obo/RO_0002519,inverse of has end sequence,http://purl.obolibrary.org/obo/RO_0002525
http://purl.obolibrary.org/obo/RO_0002573,A relation that holds between an attribute or a qualifier and another attribute.,
http://purl.obolibrary.org/obo/RO_0002225,x develops from part of y if and only if there exists some z such that x develops from z and z is part of y,http://purl.obolibrary.org/obo/RO_0002202
http://purl.obolibrary.org/obo/RO_0002113,Relation between a neuron and some structure (e.g.- a brain region) in which it receives (chemical) synaptic input.,http://purl.obolibrary.org/obo/RO_0002130
http://purl.obolibrary.org/obo/RO_0003302,"A relationship between an entity (a genotype, genetic variation or environment) and a condition (a phenotype or disease) where the entity has some causal or contributing role that influences the condition.",http://purl.obolibrary.org/obo/RO_0002410
http://purl.obolibrary.org/obo/RO_0002233,"p has direct input c iff c is a participant in p, c is present at the start of p, and the state of c is modified during p.",http://purl.obolibrary.org/obo/RO_0000057
http://purl.obolibrary.org/obo/RO_0002490,x existence overlaps y if and only if either (a) the start of x is part of y or (b) the end of x is part of y. Formally: x existence starts and ends during y iff (α(x) >= α(y) & α(x) <= ω(y)) OR (ω(x) <= ω(y) & ω(x) >= α(y)),http://purl.obolibrary.org/obo/RO_0002487
http://purl.obolibrary.org/obo/RO_0001020,"A relation between a material entity and a condition (a phenotype or disease) of a host, in which the material entity is not part of the host, and is considered harmless to non-allergic hosts, and the condition results in pathological processes that include an abnormally strong immune response against the material entity.",http://purl.obolibrary.org/obo/RO_0003302
http://purl.obolibrary.org/obo/RO_HOM0000058,"Homocracy that involves recognizably corresponding characters that occurs in two or more taxa, or as a repeated unit within an individual.",http://purl.obolibrary.org/obo/RO_HOM0000003
http://purl.obolibrary.org/obo/RO_0002297,,http://purl.obolibrary.org/obo/RO_0002234 http://purl.obolibrary.org/obo/RO_0002295
http://purl.obolibrary.org/obo/RO_0003307,"A relationship between an entity (a genotype, genetic variation or environment) and a condition (a phenotype or disease) where the entity prevents or reduces the severity of a condition.",http://purl.obolibrary.org/obo/RO_0002410
http://purl.obolibrary.org/obo/BFO_0000060,,
http://purl.obolibrary.org/obo/RO_0002010,"x 'regulates in other organism' y if and only if: (x is the realization of a function to exert an effect on the frequency, rate or extent of y) AND (the agents of x are produced by organism o1 and the agents of y are produced by organism o2).",http://purl.obolibrary.org/obo/RO_0002418
http://purl.obolibrary.org/obo/RO_0002496,x existence starts during or after y if and only if the time point at which x starts is after or equivalent to the time point at which y starts. Formally: x existence starts during or after y iff α (x) >= α (y).,http://purl.obolibrary.org/obo/RO_0002487
http://purl.obolibrary.org/obo/RO_0002162,"x is in taxon y if an only if y is an organism, and the relationship between x and y is one of: part of (reflexive), developmentally preceded by, derives from, secreted by, expressed.",http://purl.obolibrary.org/obo/RO_0002320
http://purl.obolibrary.org/obo/RO_0002158,two individual entities d1 and d2 stand in a shares_ancestor_with relation if and only if there exists some a such that d1 derived_by_descent_from a and d2 derived_by_descent_from a.,http://purl.obolibrary.org/obo/RO_0002320
http://purl.obolibrary.org/obo/RO_0002632,A sub-relation of parasite-of in which the parasite lives on or in the integumental system of the host,http://purl.obolibrary.org/obo/RO_0002444
http://purl.obolibrary.org/obo/RO_0002205,x has gene product y if and only if x is a gene (SO:0000704) that participates in some gene expression process (GO:0010467) where the output of that process is either y or something that is ribosomally translated from y,http://purl.obolibrary.org/obo/RO_0002330
http://purl.obolibrary.org/obo/RO_0002213,"x positively regulates y if and only if the progression of x increases the frequency, rate or extent of y",http://purl.obolibrary.org/obo/RO_0002211
http://purl.obolibrary.org/obo/RO_0002373,"m has_muscle_insertion s iff m is attaches_to s, and it is the case that when m contracts, s moves. Insertions are usually connections of muscle via tendon to bone.",http://purl.obolibrary.org/obo/RO_0002371 http://purl.obolibrary.org/obo/RO_0002567
http://purl.obolibrary.org/obo/RO_0002413,p1 directly provides input for p2 iff there exists some c such that p1 has_output c and p2 has_input c,http://purl.obolibrary.org/obo/RO_0002414 http://purl.obolibrary.org/obo/RO_0002412
http://purl.obolibrary.org/obo/RO_0003304,"A relationship between an entity (a genotype, genetic variation or environment) and a condition (a phenotype or disease) where the entity has some contributing role in the manifestation of the condition.",http://purl.obolibrary.org/obo/RO_0003302
http://purl.obolibrary.org/obo/RO_0002567,A relation that holds between elements of a musculoskeletal system or its analogs.,http://purl.obolibrary.org/obo/RO_0002328
http://purl.obolibrary.org/obo/RO_0002476,"c is a child nucleus of d if and only if c and d are both nuclei and parts of cells c' and d', where c' is derived from d' by mitosis and the genetic material in c is a copy of the generic material in d",http://purl.obolibrary.org/obo/RO_0002258
http://purl.obolibrary.org/obo/RO_0002526,x overlaps the sequence of x if and only if x has a subsequence z and z is a subsequence of y.,http://purl.obolibrary.org/obo/RO_0002514 http://purl.obolibrary.org/obo/RO_0002131
http://purl.obolibrary.org/obo/RO_0002298,The relationship that links an entity with the process that results in the formation and shaping of that entity over time from an immature to a mature state.,http://purl.obolibrary.org/obo/RO_0000057 http://purl.obolibrary.org/obo/RO_0002295
http://purl.obolibrary.org/obo/RO_0000059,"A relationship between a specifically dependent continuant and a generically dependent continuant, in which the generically dependent continuant depends on some independent continuant in virtue of the fact that the specifically dependent continuant also depends on that same independent continuant. Multiple specifically dependent continuants can concretize the same generically dependent continuant.",
http://purl.obolibrary.org/obo/RO_0002134,"Relation between a 'neuron projection bundle' and a region in which one or more of its component neuron projections either synapses to targets or receives synaptic input.
T innervates some R
Expands_to: T has_fasciculating_neuron_projection that synapse_in some R.",http://www.w3.org/2002/07/owl#topObjectProperty
http://purl.obolibrary.org/obo/RO_HOM0000027,Iterative homology that involves structures arranged along the main body axis.,http://purl.obolibrary.org/obo/RO_HOM0000066
http://purl.obolibrary.org/obo/RO_0002381,"x main_stem_of y if y is a branching structure and x is a channel that traces a linear path through y, such that x has higher capacity than any other such path.",http://purl.obolibrary.org/obo/RO_0002375
http://purl.obolibrary.org/obo/RO_0002130,A general relation between a neuron and some structure in which it either chemically synapses to some target or in which it receives (chemical) synaptic input.,http://purl.obolibrary.org/obo/RO_0002131
http://purl.obolibrary.org/obo/RO_0002132,The relation between a neuron projection bundle and a neuron projection that is fasciculated with it.,http://purl.obolibrary.org/obo/RO_0002131
http://purl.obolibrary.org/obo/RO_0002237,"A sub-relation of parasite-of in which the parasite is a plant, and the parasite is parasitic under natural conditions and is also photosynthetic to some degree. Hemiparasites may just obtain water and mineral nutrients from the host plant. Many obtain at least part of their organic nutrients from the host as well.",http://purl.obolibrary.org/obo/RO_0002444
http://purl.obolibrary.org/obo/RO_0002477,A child nucleus relationship in which the cells are part of a hermaphroditic organism,http://purl.obolibrary.org/obo/RO_0002476
http://purl.obolibrary.org/obo/RO_0002451,A relationship that holds between a disease and organism,http://purl.obolibrary.org/obo/RO_0002321
http://purl.obolibrary.org/obo/RO_0000053,"a relation between an independent continuant (the bearer) and a specifically dependent continuant (the dependent), in which the dependent specifically depends on the bearer for its existence",
http://purl.obolibrary.org/obo/RO_0002461,,http://purl.obolibrary.org/obo/RO_0000056
http://purl.obolibrary.org/obo/RO_0002428,c involved in regulation of p if c is involved in some 'p' and p' regulates some p,http://purl.obolibrary.org/obo/RO_0002431
http://purl.obolibrary.org/obo/RO_0002525,inverse of has subsequence,http://purl.obolibrary.org/obo/BFO_0000050 http://purl.obolibrary.org/obo/RO_0002523 http://purl.obolibrary.org/obo/RO_0002526
http://purl.obolibrary.org/obo/RO_HOM0000019,Historical homology that involves two members sharing no other homologs in the lineages considered.,http://purl.obolibrary.org/obo/RO_HOM0000007
http://purl.obolibrary.org/obo/RO_0002012,A part of relation that applies only between occurents.,http://purl.obolibrary.org/obo/BFO_0000050 http://purl.obolibrary.org/obo/RO_0002418
http://purl.obolibrary.org/obo/RO_0002352,,http://purl.obolibrary.org/obo/RO_0002328 http://purl.obolibrary.org/obo/RO_0000056
http://purl.obolibrary.org/obo/RO_0002231,x 'has starts location' y if and only if there exists some process z such that x 'starts with' z and z 'occurs in' y,http://purl.obolibrary.org/obo/RO_0002479
http://purl.obolibrary.org/obo/RO_0002255,,http://purl.obolibrary.org/obo/RO_0002286 http://purl.obolibrary.org/obo/RO_0002385
http://purl.obolibrary.org/obo/RO_0002001,,
http://purl.obolibrary.org/obo/RO_0000300,"A relation that holds between two neurons connected directly via a synapse, or indirectly via a series of synaptically connected neurons.",
http://purl.obolibrary.org/obo/RO_0002485,,http://purl.obolibrary.org/obo/RO_0002170
http://purl.obolibrary.org/obo/RO_0002106,A relation between a motor neuron and a muscle that it synapses to via a type Is bouton.,http://purl.obolibrary.org/obo/RO_0002120
http://purl.obolibrary.org/obo/RO_0002151,"x partially overlaps y iff there exists some z such that z is part of x and z is part of y, and it is also the case that neither x is part of y or y is part of x",http://purl.obolibrary.org/obo/RO_0002131
http://purl.obolibrary.org/obo/RO_HOM0000044,Homocracy that involves morphologically and phylogenetically disparate structures that are the result of parallel evolution.,http://purl.obolibrary.org/obo/RO_HOM0000003 http://purl.obolibrary.org/obo/RO_HOM0000005
http://purl.obolibrary.org/obo/RO_HOM0000042,"Historical homology that is based on recent shared ancestry, characterizing a monophyletic group.",http://purl.obolibrary.org/obo/RO_HOM0000007
http://purl.obolibrary.org/obo/RO_0002159,,http://purl.obolibrary.org/obo/RO_0002320
http://purl.obolibrary.org/obo/RO_0002434,A relationship that holds between two entities in which the processes executed by the two entities are causally connected.,
http://purl.obolibrary.org/obo/RO_0002000,"a relation between a 2D immaterial entity (the boundary) and a material entity, in which the boundary delimits the material entity",http://purl.obolibrary.org/obo/RO_0002323
http://purl.obolibrary.org/obo/RO_0002442,An interaction relationship between two organisms living together in more or less intimate association in a relationship in which both organisms benefit from each other (GO).,http://purl.obolibrary.org/obo/RO_0002440
http://purl.obolibrary.org/obo/RO_0002230,"x ends with y if and only if x has part y and the time point at which x ends is equivalent to the time point at which y ends. Formally: α(y) > α(x) ∧ ω(y) = ω(x), where α is a function that maps a process to a start point, and ω is a function that maps a process to an end point.",http://purl.obolibrary.org/obo/RO_0002222 http://purl.obolibrary.org/obo/BFO_0000051
http://purl.obolibrary.org/obo/RO_0002011,A relationship that holds between a  process that regulates a transport process and the entity transported by that process.,
http://purl.obolibrary.org/obo/RO_0002462,,http://purl.obolibrary.org/obo/RO_0002461
http://purl.obolibrary.org/obo/RO_0002160,"x only in taxon y if and only if x is in taxon y, and there is no other organism z such that y!=z a and x is in taxon z.",http://purl.obolibrary.org/obo/RO_0002162
http://purl.obolibrary.org/obo/RO_0002353,,http://purl.obolibrary.org/obo/RO_0002328 http://purl.obolibrary.org/obo/RO_0000056
http://purl.obolibrary.org/obo/RO_0002111,,http://www.w3.org/2002/07/owl#topObjectProperty
http://purl.obolibrary.org/obo/RO_0002244,,http://purl.obolibrary.org/obo/RO_0002410
http://purl.obolibrary.org/obo/RO_0002486,,http://purl.obolibrary.org/obo/RO_0002170
http://purl.obolibrary.org/obo/RO_0002115,"Relation between a muscle and a motor neuron that synapses to it via a type III bouton.
",http://purl.obolibrary.org/obo/RO_0002103
http://purl.obolibrary.org/obo/RO_0002571,x lumen_of y iff x is the space or substance that is part of y and does not cross any of the inner membranes or boundaries of y that is maximal with respect to the volume of the convex hull.,http://purl.obolibrary.org/obo/BFO_0000050
http://purl.obolibrary.org/obo/RO_0002177,"a is attached to part of b if a is attached to b, or a is attached to some p, where p is part of b.",http://purl.obolibrary.org/obo/RO_0002323 http://purl.obolibrary.org/obo/RO_0002567
http://purl.obolibrary.org/obo/RO_0002520,"x is a consecutive sequence of y iff x has subsequence y, and all the parts of x are made of zero or more repetitions of y or sequences as the same type as y.",http://purl.obolibrary.org/obo/RO_0002524
http://purl.obolibrary.org/obo/RO_0002578,"p 'directly regulates' q if and only if p and q are processes, and p regulates q, and q directly follows from p",http://purl.obolibrary.org/obo/RO_0002211 http://purl.obolibrary.org/obo/RO_0002412
http://purl.obolibrary.org/obo/RO_0002471,,http://purl.obolibrary.org/obo/RO_0002438
http://purl.obolibrary.org/obo/RO_0002236,A parasite-of relationship in which the host is a plant and the parasite that attaches to the host root (PO:0009005),http://purl.obolibrary.org/obo/RO_0002444
http://purl.obolibrary.org/obo/RO_0002253,,http://purl.obolibrary.org/obo/RO_0002375
http://purl.obolibrary.org/obo/RO_0000081,"a relation between a role and an independent continuant (the bearer), in which the role specifically depends on the bearer for its existence",http://purl.obolibrary.org/obo/RO_0000052
http://purl.obolibrary.org/obo/RO_0002488,x existence starts during y if and only if the time point at which x starts is after or equivalent to the time point at which y starts and before or equivalent to the time point at which y ends. Formally: x existence starts during y iff α(x) >= α(y) & α(x) <= ω(y).,http://purl.obolibrary.org/obo/RO_0002490 http://purl.obolibrary.org/obo/RO_0002496
http://purl.obolibrary.org/obo/RO_0000086,"a relation between an independent continuant (the bearer) and a quality, in which the quality specifically depends on the bearer for its existence",http://purl.obolibrary.org/obo/RO_0000053
http://purl.obolibrary.org/obo/RO_HOM0000055,Paralogy that is characterized by duplication of adjacent sequences on a chromosome segment.,http://purl.obolibrary.org/obo/RO_HOM0000011
http://purl.obolibrary.org/obo/RO_0002615,Inverse of is-model-of,
http://purl.obolibrary.org/obo/RO_0002215,"A relation between a material entity (such as a cell) and a process, in which the material entity has the ability to carry out the process. ",http://purl.obolibrary.org/obo/RO_0002216
http://purl.obolibrary.org/obo/RO_HOM0000069,Paralogy that is characterized by extra similarity between paralogous sequences resulting from concerted evolution.,http://purl.obolibrary.org/obo/RO_HOM0000011
http://www.w3.org/2002/07/owl#topObjectProperty,,
http://purl.obolibrary.org/obo/RO_0002004,The relationship that holds between a trachea or tracheole and an antomical structure that is contained in (and so provides an oxygen supply to).,http://purl.obolibrary.org/obo/RO_0001018
http://purl.obolibrary.org/obo/RO_0002202,x develops from y if and only if either (a) x directly develops from y or (b) there exists some z such that x directly develops from z and z develops from y,http://purl.obolibrary.org/obo/RO_0002258
http://purl.obolibrary.org/obo/RO_0002572,s is luminal space of x iff s is lumen_of x and s is an immaterial entity,http://purl.obolibrary.org/obo/RO_0002571
http://purl.obolibrary.org/obo/RO_0000085,"a relation between an independent continuant (the bearer) and a function, in which the function specifically depends on the bearer for its existence",http://purl.obolibrary.org/obo/RO_0000053
http://purl.obolibrary.org/obo/RO_0002339,This relationship holds between p and l when p is a transport or localization process in which the outcome is to move some cargo c from a an initial location to some destination l.,http://purl.obolibrary.org/obo/RO_0002344
http://purl.obolibrary.org/obo/RO_0002448,Holds between molecular entities a and b when the execution of a activates or inhibits the activity of b,http://purl.obolibrary.org/obo/RO_0002566 http://purl.obolibrary.org/obo/RO_0002436
http://purl.obolibrary.org/obo/RO_0002460,,http://purl.obolibrary.org/obo/RO_0002459
http://purl.obolibrary.org/obo/RO_HOM0000011,Historical homology that involves genes that diverged after a duplication event.,http://purl.obolibrary.org/obo/RO_HOM0000007
http://purl.obolibrary.org/obo/RO_HOM0000029,Heterochronous homology that is produced by a retention in adults of a species of traits previously seen only in juveniles.,http://purl.obolibrary.org/obo/RO_HOM0000028
http://purl.obolibrary.org/obo/RO_0002157,,http://purl.obolibrary.org/obo/RO_0002320
http://purl.obolibrary.org/obo/RO_0002292,Inverse of 'expressed in',http://purl.obolibrary.org/obo/RO_0002330
http://purl.obolibrary.org/obo/BFO_0000066,b occurs_in c =def b is a process and c is a material entity or immaterial entity& there exists a spatiotemporal region r and b occupies_spatiotemporal_region r.& forall(t) if b exists_at t then c exists_at t & there exist spatial regions s and s’ where & b spatially_projects_onto s at t& c is occupies_spatial_region s’ at t& s is a proper_continuant_part_of s’ at t,
http://purl.obolibrary.org/obo/RO_0002248,"A relationship that holds between a substance and a chemical entity, if the chemical entity is part of the substance, and the chemical entity forms the biologically active component of the substance.",http://purl.obolibrary.org/obo/BFO_0000051
http://purl.obolibrary.org/obo/RO_HOM0000004,Homoplasy that involves different underlying mechanisms or structures.,http://purl.obolibrary.org/obo/RO_HOM0000002
http://purl.obolibrary.org/obo/RO_0003002,Holds between protein a (a transcription factor) and DNA element b if and only if a diminishes the process of transcription of b.,http://purl.obolibrary.org/obo/RO_0002449
http://purl.obolibrary.org/obo/RO_HOM0000012,Paralogy that involves sets of syntenic blocks.,http://purl.obolibrary.org/obo/RO_HOM0000011 http://purl.obolibrary.org/obo/RO_HOM0000010
http://purl.obolibrary.org/obo/RO_0002465,,http://purl.obolibrary.org/obo/RO_0002563
http://purl.obolibrary.org/obo/RO_0002344,,http://purl.obolibrary.org/obo/RO_0002337
http://purl.obolibrary.org/obo/RO_0002574,,http://purl.obolibrary.org/obo/RO_0002437
http://purl.obolibrary.org/obo/RO_0002453,,http://purl.obolibrary.org/obo/RO_0002440
http://purl.obolibrary.org/obo/BFO_0000054,,
http://purl.obolibrary.org/obo/RO_HOM0000005,Homoplasy that involves homologous underlying mechanisms or structures.,http://purl.obolibrary.org/obo/RO_HOM0000002
http://purl.obolibrary.org/obo/RO_0002110,Relation between a neuron and some structure (e.g.- a brain region) in which it receives (chemical) synaptic input. ,http://purl.obolibrary.org/obo/RO_0002130
http://purl.obolibrary.org/obo/RO_0002566,"Holds between materal entities a and b if the activity of a is causally upstream of the activity of b, or causally upstream of a an activity that modifies b",http://purl.obolibrary.org/obo/RO_0002506
http://purl.obolibrary.org/obo/BFO_0000051,a core relation that holds between a whole and its part,http://purl.obolibrary.org/obo/RO_0002131
http://purl.obolibrary.org/obo/RO_0002234,"p has output c iff c is a participant in p, c is present at the end of p, and c is not present at the beginning of p.",http://purl.obolibrary.org/obo/RO_0000057
http://purl.obolibrary.org/obo/RO_0002103,Relation between an anatomical structure (including cells) and a neuron that chemically synapses to it. ,http://purl.obolibrary.org/obo/RO_0000301
http://purl.obolibrary.org/obo/RO_0002452,A relation that holds between a disease or an organism and a phenotype,http://purl.obolibrary.org/obo/RO_0002200
http://purl.obolibrary.org/obo/RO_0002006,,http://purl.obolibrary.org/obo/RO_0002131
http://purl.obolibrary.org/obo/RO_0002285,"x developmentally replaces y if and only if there is some developmental process that causes x to move or to cease to exist, and for the site that was occupied by x to become occupied by y, where y either comes into existence in this site or moves to this site from somewhere else",http://purl.obolibrary.org/obo/RO_0002258
http://purl.obolibrary.org/obo/RO_0002492,x existence ends during y if and only if the time point at which x ends is before or equivalent to the time point at which y ends and after or equivalent to the point at which y starts. Formally: x existence ends during y iff ω(x) <= ω(y) and ω(x) >= α(y).,http://purl.obolibrary.org/obo/RO_0002490 http://purl.obolibrary.org/obo/RO_0002497
http://purl.obolibrary.org/obo/RO_0002517,inverse of has start sequence,http://purl.obolibrary.org/obo/RO_0002525
http://purl.obolibrary.org/obo/RO_0002446,"A biotic interaction relationship in which one partner is an organism and the other partner is inorganic. For example, the relationship between a sponge and the substrate to which is it anchored.",http://purl.obolibrary.org/obo/RO_0002437
http://purl.obolibrary.org/obo/RO_HOM0000014,Structural homology that involves complex structures from which only a fraction of the elements that can be isolated are separately homologous.,http://purl.obolibrary.org/obo/RO_HOM0000006
http://purl.obolibrary.org/obo/RO_0002466,,http://purl.obolibrary.org/obo/RO_0002465
http://purl.obolibrary.org/obo/RO_0002587,,http://purl.obolibrary.org/obo/RO_0002297
http://purl.obolibrary.org/obo/RO_0002454,,http://purl.obolibrary.org/obo/RO_0002440
http://purl.obolibrary.org/obo/RO_0002563,,http://purl.obolibrary.org/obo/RO_0002464
http://purl.obolibrary.org/obo/RO_0002345,,http://purl.obolibrary.org/obo/RO_0002313
http://purl.obolibrary.org/obo/RO_0002430,,http://purl.obolibrary.org/obo/RO_0002428
http://purl.obolibrary.org/obo/RO_0002595,"A relationship that holds between a material entity and a process in which causality is involved, with either the material entity or some part of the material entity exerting some influence over the process, or the process influencing some aspect of the material entity.",http://purl.obolibrary.org/obo/RO_0002410
http://purl.obolibrary.org/obo/RO_0002505,"p has intermediate c if and only if p has parts p1, p2 and p1 has output c, and p2 has input c",http://purl.obolibrary.org/obo/RO_0000057
http://purl.obolibrary.org/obo/RO_HOM0000028,"Biological homology that is characterized by changes, over evolutionary time, in the rate or timing of developmental events of homologous structures.",http://purl.obolibrary.org/obo/RO_HOM0000008
http://purl.obolibrary.org/obo/RO_0002589,"p results in catabolism of c if and only if p is a catabolic process, and the execution of p results in c being broken into smaller parts with energy being released.",http://purl.obolibrary.org/obo/RO_0002586
http://purl.obolibrary.org/obo/RO_0002414,transitive form of directly_provides_input_for,http://purl.obolibrary.org/obo/RO_0002411
http://purl.obolibrary.org/obo/RO_0002220,x adjacent to y if and only if x and y share a boundary.,http://purl.obolibrary.org/obo/RO_0002163
http://purl.obolibrary.org/obo/RO_0002256,"t1 induced_by t2 if there is a process of developmental induction (GO:0031128) with t1 and t2 as interacting participants. t2 causes t1 to change its fate from a precursor anatomical structure type T to T', where T' develops_from T",http://purl.obolibrary.org/obo/RO_0002258
http://purl.obolibrary.org/obo/RO_0002494,"x transformation of y if x is the immediate transformation of y, or is linked to y through a chain of transformation relationships",http://purl.obolibrary.org/obo/RO_0002202 http://purl.obolibrary.org/obo/BFO_0000062
http://purl.obolibrary.org/obo/RO_0002380,x is a branching part of y if and only if x is part of y and x is connected directly or indirectly to the main stem of y,http://purl.obolibrary.org/obo/BFO_0000050 http://purl.obolibrary.org/obo/RO_0002375
http://purl.obolibrary.org/obo/RO_0002608,Inverse of 'causal agent in',http://purl.obolibrary.org/obo/RO_0002410
http://purl.obolibrary.org/obo/RO_0002249,,http://purl.obolibrary.org/obo/BFO_0000050
http://purl.obolibrary.org/obo/RO_0002467,,http://purl.obolibrary.org/obo/RO_0002465
http://purl.obolibrary.org/obo/RO_0002588,,http://purl.obolibrary.org/obo/RO_0002592 http://purl.obolibrary.org/obo/RO_0002297
http://purl.obolibrary.org/obo/RO_0002218,x has participant y if and only if x realizes some active role that inheres in y,http://purl.obolibrary.org/obo/RO_0000057
http://purl.obolibrary.org/obo/RO_0002221,,http://purl.obolibrary.org/obo/RO_0002220
http://purl.obolibrary.org/obo/RO_0002487,,
http://purl.obolibrary.org/obo/RO_0002354,,http://purl.obolibrary.org/obo/RO_0002353
http://purl.obolibrary.org/obo/RO_0002463,,http://purl.obolibrary.org/obo/RO_0002461
http://purl.obolibrary.org/obo/RO_HOM0000020,Orthology that involves two genes that did not experience any duplication after the speciation event that created them.,http://purl.obolibrary.org/obo/RO_HOM0000017 http://purl.obolibrary.org/obo/RO_HOM0000019
http://purl.obolibrary.org/obo/RO_0002443,An interaction relationship between two organisms living together in more or less intimate association in a relationship in which association is disadvantageous or destructive to one of the organisms (GO).,http://purl.obolibrary.org/obo/RO_0002440
http://purl.obolibrary.org/obo/RO_0002325,a colocalizes_with b if and only if  a is transiently or peripherally associated with b[GO].,http://purl.obolibrary.org/obo/RO_0002323
http://purl.obolibrary.org/obo/RO_HOM0000045,Historical homology that is characterized by topological discordance between a gene tree and a species tree attributable to the phylogenetic sorting of genetic polymorphisms across successive nodes in a species tree.,http://purl.obolibrary.org/obo/RO_HOM0000007
http://purl.obolibrary.org/obo/RO_0002246,"g is under-expressed in t iff g is expressed in t, and the expression level of g is decreased relative to some background.",http://purl.obolibrary.org/obo/RO_0002206
http://purl.obolibrary.org/obo/RO_0002295,"p results in the developmental progression of s iff p is a developmental process and s is an anatomical structure and p causes s to undergo a change in state at some point along its natural developmental cycle (this cycle starts with its formation, through the mature structure, and ends with its loss).",http://purl.obolibrary.org/obo/RO_0002324
http://purl.obolibrary.org/obo/RO_0002382,x proper_distributary_of y iff x distributary_of y and x does not flow back into y,http://purl.obolibrary.org/obo/RO_0002377
http://purl.obolibrary.org/obo/RO_0001025,"a relation between two independent continuants, the target and the location, in which the target is entirely within the location",
http://purl.obolibrary.org/obo/RO_0002210,,http://purl.obolibrary.org/obo/RO_0002203
http://purl.obolibrary.org/obo/RO_0002222,,
http://purl.obolibrary.org/obo/RO_0002343,,http://purl.obolibrary.org/obo/RO_0000057 http://purl.obolibrary.org/obo/RO_0002295
http://purl.obolibrary.org/obo/RO_0002585,,http://purl.obolibrary.org/obo/RO_0000057 http://purl.obolibrary.org/obo/RO_0002295
http://purl.obolibrary.org/obo/RO_0002464,,
http://purl.obolibrary.org/obo/BFO_0000055,,
http://purl.obolibrary.org/obo/RO_0002489,x starts ends with y if and only if the time point at which x starts is equivalent to the time point at which y starts. Formally: x existence starts with y iff α(x) = α(y).,http://purl.obolibrary.org/obo/RO_0002488
http://purl.obolibrary.org/obo/RO_0002412,"p is immediately causally upstream of q iff both (a) p immediately precedes q and (b) p is causally upstream of q. In addition, the output of p  must be an input of q.",http://purl.obolibrary.org/obo/RO_0002090 http://purl.obolibrary.org/obo/RO_0002411
http://purl.obolibrary.org/obo/RO_0002552,"p results in the end of s if p results in a change of state in s whereby s either ceases to exist, or s becomes functionally impaired or s has its fate committed such that it is put on a path to be degraded.",http://purl.obolibrary.org/obo/RO_0000057 http://purl.obolibrary.org/obo/RO_0002295
http://purl.obolibrary.org/obo/RO_0002350,is member of is a mereological relation between a item and a collection.,http://purl.obolibrary.org/obo/BFO_0000050
http://purl.obolibrary.org/obo/RO_0002351,has member is a mereological relation between a collection and an item.,http://purl.obolibrary.org/obo/BFO_0000051
http://purl.obolibrary.org/obo/RO_0003305,"A relationship between an entity (a genotype, genetic variation or environment) and a condition (a phenotype or disease) where the entity influences the severity with which a condition manifests in an individual.",http://purl.obolibrary.org/obo/RO_0003304
http://purl.obolibrary.org/obo/RO_0003001,a produced_by b iff some process that occurs_in b has_output a.,
http://purl.obolibrary.org/obo/RO_0002005,,
http://purl.obolibrary.org/obo/RO_0002607,"c is marker for d iff the presence or occurrence of d is correlated with the presence of occurrence of c, and the observation of c is used to infer the presence or occurrence of d. Note that this does not imply that c and d are in a direct causal relationship, as it may be the case that there is a third entity e that stands in a direct causal relationship with c and d.",http://purl.obolibrary.org/obo/RO_0002610
http://purl.obolibrary.org/obo/RO_0002105,A relation between a motor neuron and a muscle that it synapses to via a type Ib bouton.,http://purl.obolibrary.org/obo/RO_0002120
http://purl.obolibrary.org/obo/RO_0002387,x has the potential to develop into y iff x develops into y or if x is capable of developing into y,http://purl.obolibrary.org/obo/RO_0002384
http://purl.obolibrary.org/obo/RO_0002315,The relationship that links a specified entity with the process that results in an unspecified entity acquiring the features and characteristics of the specified entity,http://purl.obolibrary.org/obo/RO_0000057 http://purl.obolibrary.org/obo/RO_0002295
http://purl.obolibrary.org/obo/RO_0002337,A relationship that holds via some process of localization,
http://purl.obolibrary.org/obo/RO_0002554,,http://purl.obolibrary.org/obo/RO_0002453
http://purl.obolibrary.org/obo/RO_0002204,"definition ""x has gene product of y if and only if y is a gene (SO:0000704) that participates in some gene expression process (GO:0010467) where the output of that process is either y or something that is ribosomally translated from x""",http://purl.obolibrary.org/obo/RO_0002330
http://purl.obolibrary.org/obo/RO_0002300,,http://purl.obolibrary.org/obo/RO_0002552
http://purl.obolibrary.org/obo/RO_HOM0000071,Structural homology that involves structures with the same or similar relative positions.,http://purl.obolibrary.org/obo/RO_HOM0000006
http://purl.obolibrary.org/obo/RO_0002312,,http://purl.obolibrary.org/obo/RO_0002320
http://purl.obolibrary.org/obo/RO_0002510,x is transcribed from y if and only if x is synthesized from template y,http://purl.obolibrary.org/obo/RO_0002330
http://purl.obolibrary.org/obo/RO_0001019,,
http://purl.obolibrary.org/obo/RO_0002156,d derived_by_descent_from a if d is specified by some genetic program that is sequence-inherited-from a genetic program that specifies a.,http://purl.obolibrary.org/obo/RO_0002320
http://purl.obolibrary.org/obo/RO_0000058,"A relationship between a generically dependent continuant and a specifically dependent continuant, in which the generically dependent continuant depends on some independent continuant in virtue of the fact that the specifically dependent continuant also depends on that same independent continuant. A generically dependent continuant may be concretized as multiple specifically dependent continuants.",
http://purl.obolibrary.org/obo/RO_0001001,"a relation between two distinct material entities, the old entity and the new entity, in which the new entity begins to exist when the old entity ceases to exist, and the new entity inherits the significant portion of the matter of the old entity",
http://purl.obolibrary.org/obo/RO_HOM0000057,"Parallelism that involves morphologically very similar structures, occurring only within some members of a taxon and absent in the common ancestor (which possessed the developmental basis to develop this character).",http://purl.obolibrary.org/obo/RO_HOM0000058 http://purl.obolibrary.org/obo/RO_HOM0000005
http://purl.obolibrary.org/obo/RO_0002600,"Holds between a material entity c and a pathological process p if and only if c is capable of some activity a, where a negatively regulates p.",http://purl.obolibrary.org/obo/RO_0002598
http://purl.obolibrary.org/obo/RO_0002131,x overlaps y if and only if there exists some z such that x has part z and z part of y,http://purl.obolibrary.org/obo/RO_0002323
http://purl.obolibrary.org/obo/RO_0002473,x composed_primarily_of y if and only if more than half of the mass of x is made from y or units of the same type as y.,http://purl.obolibrary.org/obo/BFO_0000051
http://purl.obolibrary.org/obo/RO_0002458,,http://purl.obolibrary.org/obo/RO_0002438
http://purl.obolibrary.org/obo/RO_0002406,p directly activates q if and only if p is immediately upstream of q and p is the realization of a function to increase the rate or activity of q,http://purl.obolibrary.org/obo/RO_0002629
http://purl.obolibrary.org/obo/RO_0002555,,http://purl.obolibrary.org/obo/RO_0002574
http://purl.obolibrary.org/obo/RO_0002379,x spatially_coextensive_with y if and inly if x and y have the same location,http://purl.obolibrary.org/obo/RO_0002131
http://purl.obolibrary.org/obo/RO_0002301,,http://purl.obolibrary.org/obo/RO_0002552
http://purl.obolibrary.org/obo/RO_0001018,,
http://purl.obolibrary.org/obo/RO_0000080,"a relation between a quality and an independent continuant (the bearer), in which the quality specifically depends on the bearer for its existence",http://purl.obolibrary.org/obo/RO_0000052
http://purl.obolibrary.org/obo/RO_HOM0000002,Similarity that results from independent evolution.,http://purl.obolibrary.org/obo/RO_HOM0000000
http://purl.obolibrary.org/obo/BFO_0000067,[copied from inverse property 'occurs in'] b occurs_in c =def b is a process and c is a material entity or immaterial entity& there exists a spatiotemporal region r and b occupies_spatiotemporal_region r.& forall(t) if b exists_at t then c exists_at t & there exist spatial regions s and s’ where & b spatially_projects_onto s at t& c is occupies_spatial_region s’ at t& s is a proper_continuant_part_of s’ at t,
http://purl.obolibrary.org/obo/RO_0002384,"x has developmental potential involving y iff x is capable of a developmental process with output y. y may be the successor of x, or may be a different structure in the vicinity (as for example in the case of developmental induction).",http://purl.obolibrary.org/obo/RO_0002324
http://purl.obolibrary.org/obo/RO_HOM0000060,Between-species paralogy that involves single copy paralogs resulting from reciprocal gene loss.,http://purl.obolibrary.org/obo/RO_HOM0000050 http://purl.obolibrary.org/obo/RO_HOM0000019
http://purl.obolibrary.org/obo/RO_0002235,A parasite-of relationship in which the host is a plant and the parasite that attaches to the host stem (PO:0009047),http://purl.obolibrary.org/obo/RO_0002444
http://purl.obolibrary.org/obo/RO_0002640,A sub-relation of endoparasite-of in which the parasite inhabits host cells.,http://purl.obolibrary.org/obo/RO_0002634
http://purl.obolibrary.org/obo/RO_0000079,"a relation between a function and an independent continuant (the bearer), in which the function specifically depends on the bearer for its existence",http://purl.obolibrary.org/obo/RO_0000052
http://purl.obolibrary.org/obo/RO_0002459,,http://purl.obolibrary.org/obo/RO_0002574
http://purl.obolibrary.org/obo/RO_0002447,,http://purl.obolibrary.org/obo/RO_0002436
http://purl.obolibrary.org/obo/RO_0002407,p directly activates q if and only if p is immediately upstream of q and p is the realization of a function to increase the rate or activity of q,http://purl.obolibrary.org/obo/RO_0002213
http://purl.obolibrary.org/obo/RO_0002556,,http://purl.obolibrary.org/obo/RO_0002454
http://purl.obolibrary.org/obo/RO_0002435,,http://purl.obolibrary.org/obo/RO_0002434
http://purl.obolibrary.org/obo/RO_0002326,,http://purl.obolibrary.org/obo/RO_0002216 http://purl.obolibrary.org/obo/RO_0002329
http://purl.obolibrary.org/obo/RO_HOM0000009,Homoplasy that involves phenotypes similar to those seen in ancestors within the lineage.,http://purl.obolibrary.org/obo/RO_HOM0000002
http://purl.obolibrary.org/obo/RO_0002609,"A relationship that holds between two entities, where the relationship holds based on the presence or absence of statistical dependence relationship. The entities may be statistical variables, or they may be other kinds of entities such as diseases, chemical entities or processes.",
http://purl.obolibrary.org/obo/RO_0002101,"relationship between a neuron and a neuron projection bundle (e.g.- tract or nerve bundle) that one or more of its projections travels through.
",http://purl.obolibrary.org/obo/RO_0002131
http://purl.obolibrary.org/obo/RO_0002410,This relation groups causal relations between material entities and causal relations between processes,http://purl.obolibrary.org/obo/RO_0002609
http://purl.obolibrary.org/obo/RO_0002638,A sub-relation of endoparasite-of in which the parasite inhabits the spaces between host cells.,http://purl.obolibrary.org/obo/RO_0002634
http://purl.obolibrary.org/obo/RO_HOM0000016,Structural homology that involves a pseudogenic feature and its functional ancestor.,http://purl.obolibrary.org/obo/RO_HOM0000006
http://purl.obolibrary.org/obo/RO_0002245,"g is over-expressed in t iff g is expressed in t, and the expression level of g is increased relative to some background.",http://purl.obolibrary.org/obo/RO_0002206
http://purl.obolibrary.org/obo/RO_0002576,,http://purl.obolibrary.org/obo/BFO_0000050
http://purl.obolibrary.org/obo/RO_0002455,,http://purl.obolibrary.org/obo/RO_0002442
http://purl.obolibrary.org/obo/RO_0002564,,http://purl.obolibrary.org/obo/RO_0002563
http://purl.obolibrary.org/obo/RO_0002201,,http://www.w3.org/2002/07/owl#topObjectProperty
http://purl.obolibrary.org/obo/RO_0002322,,http://purl.obolibrary.org/obo/RO_0002321
http://purl.obolibrary.org/obo/RO_0002418,"p 'causally upstream or within' q iff (1) the end of p is before the end of q and (2) the execution of p exerts some causal influence over the outputs of q; i.e. if p was abolished or the outputs of p were to be modified, this would necessarily affect q.",http://purl.obolibrary.org/obo/RO_0002501
http://purl.obolibrary.org/obo/RO_0002432,c executes activity in d if and only if c enables p and p occurs_in d,http://purl.obolibrary.org/obo/RO_0002328
http://purl.obolibrary.org/obo/RO_0002321,A relationship that is mediated in some way by the environment or environmental feature (ENVO:00002297),
http://purl.obolibrary.org/obo/RO_0001000,"a relation between two distinct material entities, the new entity and the old entity, in which the new entity begins to exist when the old entity ceases to exist, and the new entity inherits the significant portion of the matter of the old entity",
http://purl.obolibrary.org/obo/RO_HOM0000031,Paedomorphosis that is produced by precocious sexual maturation of an organism still in a morphologically juvenile stage.,http://purl.obolibrary.org/obo/RO_HOM0000029
http://purl.obolibrary.org/obo/RO_0002170,"a is connected to b if and only if a and b are discrete structure, and there exists some connecting structure c, such that c connects a and b",http://purl.obolibrary.org/obo/RO_0002323
http://purl.obolibrary.org/obo/RO_0002208,A parasite that kills or sterilizes its host,http://purl.obolibrary.org/obo/RO_0002444
http://purl.obolibrary.org/obo/RO_0002530,"x is immediately downstream of the sequence of y iff either (1) x and y have sequence units, and all units of x are downstream of all units of y, and x is sequentially adjacent to y, or (2) x and y are sequence units, in which case the immediately downstream relation is primitive and defined by context: for DNA bases, y would be adjacent and 5' to y",http://purl.obolibrary.org/obo/RO_0002515 http://purl.obolibrary.org/obo/RO_0002529
http://purl.obolibrary.org/obo/RO_0002206,"x expressed in y if and only if there is a gene expression process (GO:0010467) that occurs in y, and one of the following holds: (i) x is a gene, and x is transcribed into a transcript as part of the gene expression process (ii) x is a transcript, and the transcription of x is part of the gene expression process (iii) x is a mature gene product such as a protein, and x was translated or otherwise processes from a transcript that was transcribed as part of this gene expression process",http://purl.obolibrary.org/obo/RO_0002330
http://purl.obolibrary.org/obo/RO_HOM0000023,Paralogy that results from a lineage-specific duplication subsequent to a given speciation event.,http://purl.obolibrary.org/obo/RO_HOM0000011
http://purl.obolibrary.org/obo/RO_0002335,,http://purl.obolibrary.org/obo/RO_0002334
http://purl.obolibrary.org/obo/RO_0002468,,http://purl.obolibrary.org/obo/RO_0002465
http://purl.obolibrary.org/obo/RO_0002456,,http://purl.obolibrary.org/obo/RO_0002442
http://purl.obolibrary.org/obo/RO_0002512,x is the ribosomal translation of y if and only if a ribosome reads x through a series of triplet codon-amino acid adaptor activities (GO:0030533) and produces y,http://purl.obolibrary.org/obo/RO_0002330
http://purl.obolibrary.org/obo/RO_0002444,,http://purl.obolibrary.org/obo/RO_0002443 http://purl.obolibrary.org/obo/RO_0002454
http://purl.obolibrary.org/obo/RO_0002568,"m1 has_muscle_antagonist m2 iff m1 has_muscle_insertion s, m2 has_muscle_insection s, m1 acts in opposition to m2, and m2 is responsible for returning the structure to its initial position.",http://purl.obolibrary.org/obo/RO_0002567
http://purl.obolibrary.org/obo/RO_0002513,inverse of ribosomal translation of,http://purl.obolibrary.org/obo/RO_0002330
http://purl.obolibrary.org/obo/RO_0002507,"s determined by f if and only if s is a type of system, and f is a material entity that is part of s, such that f exerts a strong causal influence on the functioning of s, and the removal of f would cause the collapse of s.",http://purl.obolibrary.org/obo/BFO_0000050 http://purl.obolibrary.org/obo/RO_0002559 http://purl.obolibrary.org/obo/RO_0002509
http://purl.obolibrary.org/obo/RO_0002527,x does not overlaps the sequence of x if and only if there is no z such that x has a subsequence z and z is a subsequence of y.,http://purl.obolibrary.org/obo/RO_0002514
http://purl.obolibrary.org/obo/RO_0002338,This relationship holds between p and l when p is a transport or localization process in which the outcome is to move some cargo c from some initial location l to some destination.,http://purl.obolibrary.org/obo/RO_0002344
http://purl.obolibrary.org/obo/RO_0002150,X continuous_with Y if and only if X and Y share a fiat boundary.,http://purl.obolibrary.org/obo/RO_0002323
http://purl.obolibrary.org/obo/RO_HOM0000061,Xenology that involves genes that ended up in a given genome as a result of a combination of vertical inheritance and horizontal gene transfer.,http://purl.obolibrary.org/obo/RO_HOM0000018
http://purl.obolibrary.org/obo/RO_0002227,A sub-relation of parasite-of in which the parasite that cannot complete its life cycle without a host.,http://purl.obolibrary.org/obo/RO_0002444
http://purl.obolibrary.org/obo/RO_0002439,"An interaction relationship involving a predation process, where the subject kills the target in order to eat it or to feed to siblings, offspring or group members",http://purl.obolibrary.org/obo/RO_0002438
http://purl.obolibrary.org/obo/RO_0002509,"s 'determined by part of' w if and only if there exists some f such that (1) s 'determined by' f and (2) f part_of w, or f=w.",http://purl.obolibrary.org/obo/RO_0002506 http://purl.obolibrary.org/obo/RO_0002131
http://purl.obolibrary.org/obo/RO_0002009,"A relation that applies between a cell(c) and a gene(g) , where the process of 'transcription, DNA templated (GO_0006351)' is occuring in in cell c and that process has input gene g.",http://purl.obolibrary.org/obo/RO_0002292
http://purl.obolibrary.org/obo/RO_0002121,"Relation between a neuron and some structure  (e.g.- a brain region) in which its dendrite receives synaptic input.

	",http://purl.obolibrary.org/obo/RO_0002110
http://purl.obolibrary.org/obo/RO_0002203,,http://purl.obolibrary.org/obo/RO_0002388 http://purl.obolibrary.org/obo/RO_0002286 http://purl.obolibrary.org/obo/RO_0002387
http://purl.obolibrary.org/obo/RO_0002303,"x 'has habitat' y if and only if: x is an organism, y is a habitat, and y can sustain and allow the growth of a population of xs.",http://purl.obolibrary.org/obo/RO_0002321
http://purl.obolibrary.org/obo/RO_0002469,,http://purl.obolibrary.org/obo/RO_0002438
http://purl.obolibrary.org/obo/RO_0002336,,http://purl.obolibrary.org/obo/RO_0002334
http://purl.obolibrary.org/obo/RO_0002457,,http://purl.obolibrary.org/obo/RO_0002438
http://purl.obolibrary.org/obo/RO_0002224,"x starts with y if and only if x has part y and the time point at which x starts is equivalent to the time point at which y starts. Formally: α(y) = α(x) ∧ ω(y) < ω(x), where α is a function that maps a process to a start point, and ω is a function that maps a process to an end point.",http://purl.obolibrary.org/obo/RO_0002222 http://purl.obolibrary.org/obo/BFO_0000051
http://purl.obolibrary.org/obo/RO_0002445,,http://purl.obolibrary.org/obo/RO_0002443 http://purl.obolibrary.org/obo/RO_0002453
http://purl.obolibrary.org/obo/RO_0000087,"a relation between an independent continuant (the bearer) and a role, in which the role specifically depends on the bearer for its existence",http://purl.obolibrary.org/obo/RO_0000053
http://purl.obolibrary.org/obo/RO_0003308,A relationship between an entity and a condition (phenotype or disease) with which it exhibits a statistical dependence relationship.,http://purl.obolibrary.org/obo/RO_0002610
http://purl.obolibrary.org/obo/RO_0002104,"Holds between a cell c and a protein complex or protein p if and only if that cell has as part a plasma_membrane[GO:0005886], and that plasma membrane has p as part.",http://purl.obolibrary.org/obo/BFO_0000051
http://purl.obolibrary.org/obo/RO_0002178,"Relation between an arterial structure and another structure, where the arterial structure acts as a conduit channeling fluid, substance or energy.",http://purl.obolibrary.org/obo/RO_0002170
http://purl.obolibrary.org/obo/RO_0002200,"A relationship that holds between a biological entity and a phenotype. Here a phenotype is construed broadly as any kind of quality of an organism part, a collection of these qualities, or a change in quality or qualities (e.g. abnormally increased temperature). The subject of this relationship can be an organism (where the organism has the phenotype, i.e. the qualities inhere in parts of this organism), a genomic entity such as a gene or genotype (if modifications of the gene or the genotype causes the phenotype), or a condition such as a disease (such that if the condition inheres in an organism, then the organism has the phenotype).",http://www.w3.org/2002/07/owl#topObjectProperty
http://purl.obolibrary.org/obo/RO_0003306,"A relationship between an entity (a genotype, genetic variation or environment) and a condition (a phenotype or disease) where the entity influences the frequency of the condition in a population.",http://purl.obolibrary.org/obo/RO_0003304
http://purl.obolibrary.org/obo/RO_0002377,"x distributary_of y if and only if x is capable of channeling the flow of a substance to y, where y channels less of the substance than x",http://purl.obolibrary.org/obo/RO_0002375
http://purl.obolibrary.org/obo/RO_HOM0000050,Paralogy that involves genes from different species.,http://purl.obolibrary.org/obo/RO_HOM0000011
http://purl.obolibrary.org/obo/RO_0002523,inverse of bounds sequence of,http://purl.obolibrary.org/obo/RO_0002514
http://purl.obolibrary.org/obo/RO_0002243,A broad relationship between an exposure event or process and a the material an agent takes from the source to the target.,http://purl.obolibrary.org/obo/RO_0002244
http://purl.obolibrary.org/obo/RO_0002437,An interaction relationship in which at least one of the partners is an organism and the other is either an organism or an abiotic entity with which the organism interacts.,http://purl.obolibrary.org/obo/RO_0002434 http://purl.obolibrary.org/obo/RO_0002321
http://purl.obolibrary.org/obo/RO_HOM0000018,Historical homology that is characterized by an interspecies (horizontal) transfer since the common ancestor.,http://purl.obolibrary.org/obo/RO_HOM0000007
http://purl.obolibrary.org/obo/RO_0002426,,http://purl.obolibrary.org/obo/RO_0002424
http://purl.obolibrary.org/obo/RO_HOM0000008,"Homology that is defined by sharing of a set of developmental constraints, caused by locally acting self-regulatory mechanisms of differentiation, between individualized parts of the phenotype.",http://purl.obolibrary.org/obo/RO_HOM0000001
http://purl.obolibrary.org/obo/RO_0002511,,http://purl.obolibrary.org/obo/RO_0002330
http://purl.obolibrary.org/obo/RO_HOM0000030,"Heterochronous homology that is produced by a maturation of individuals of a species past adulthood, which take on hitherto unseen traits.",http://purl.obolibrary.org/obo/RO_HOM0000028
http://purl.obolibrary.org/obo/RO_0002217,x actively participates in y if and only if x participates in y and x realizes some active role,http://purl.obolibrary.org/obo/RO_0000056
http://purl.obolibrary.org/obo/RO_0002559,,http://purl.obolibrary.org/obo/RO_0002506
http://purl.obolibrary.org/obo/RO_0002374,"x has_fused_element y iff: there exists some z : x has_part z, z homologous_to y, and y is a distinct element, the boundary between x and z is largely fiat",http://purl.obolibrary.org/obo/RO_0002320
http://purl.obolibrary.org/obo/RO_0002529,"x is downstream of the sequence of y iff either (1) x and y have sequence units, and all units of x are downstream of all units of y, or (2) x and y are sequence units, and x is either immediately downstream of y, or transitively downstream of y.",http://purl.obolibrary.org/obo/RO_0002527
http://purl.obolibrary.org/obo/RO_0002371,"a is attached to b if and only if a and b are discrete objects or object parts, and there are physical connections between a and b such that a force pulling a will move b, or a force pulling b will move a",http://purl.obolibrary.org/obo/RO_0002170 http://purl.obolibrary.org/obo/RO_0002177
http://purl.obolibrary.org/obo/RO_0003303,"A relationship between an entity (a genotype, genetic variation or environment) and a condition (a phenotype or disease) where the entity has a causal role for the condition.",http://purl.obolibrary.org/obo/RO_0003302
http://purl.obolibrary.org/obo/RO_0002090,,http://purl.obolibrary.org/obo/BFO_0000063
http://purl.obolibrary.org/obo/RO_HOM0000066,Biological homology that involves parts of the same organism.,http://purl.obolibrary.org/obo/RO_HOM0000008
http://purl.obolibrary.org/obo/RO_0002313,Holds between p and c when p is a transportation or localization process and the outcome of this process is to regulate the location of c,http://purl.obolibrary.org/obo/RO_0002337 http://purl.obolibrary.org/obo/RO_0000057
http://purl.obolibrary.org/obo/RO_0003000,"a produces b if some process that occurs_in a has_output b, where a and b are material entities. Examples: hybridoma cell line produces monoclonal antibody reagent; chondroblast produces avascular GAG-rich matrix.",
http://purl.obolibrary.org/obo/RO_0002109,Relation between a muscle and a motor neuron that synapses to it via a type Ib bouton.,http://purl.obolibrary.org/obo/RO_0002103
http://purl.obolibrary.org/obo/RO_0002403,,http://purl.obolibrary.org/obo/RO_0002234
http://purl.obolibrary.org/obo/RO_0002633,,http://purl.obolibrary.org/obo/RO_0002445
http://purl.obolibrary.org/obo/RO_0002209,,http://purl.obolibrary.org/obo/RO_0002445
http://purl.obolibrary.org/obo/RO_0002427,,http://purl.obolibrary.org/obo/RO_0002501
http://purl.obolibrary.org/obo/RO_0002207,"Candidate definition: x directly_develops from y if and only if there exists some developmental process (GO:0032502) p such that x and y both participates in p, and x is the output of p and y is the input of p, and a substantial portion of the matter of y comes from x, and the start of x is coincident with or after the end of y",http://purl.obolibrary.org/obo/RO_0002202
http://purl.obolibrary.org/obo/RO_HOM0000022,Paralogy that results from a whole genome duplication event.,http://purl.obolibrary.org/obo/RO_HOM0000011
http://purl.obolibrary.org/obo/RO_0002214,"x has prototype y if and only if x is an instance of C and y is a prototypical instance of C. For example, every instance of heart, both normal and abnormal is related by the has prototype relation to some instance of a ""canonical"" heart, which participates in blood circulation.",
http://purl.obolibrary.org/obo/RO_0001021,"A relation between a material entity and a condition (a phenotype or disease) of a host, in which the material entity is part of the host itself, and the condition results in pathological processes that include an abnormally strong immune response against the material entity.",http://purl.obolibrary.org/obo/RO_0003302
http://purl.obolibrary.org/obo/RO_0002402,"p has direct input c iff c is a participanti n p, c is present at the end of p, and c is not present at the beginning of c. ",
http://purl.obolibrary.org/obo/RO_0000091,"a relation between an independent continuant (the bearer) and a disposition, in which the disposition specifically depends on the bearer for its existence",http://purl.obolibrary.org/obo/RO_0000053
http://purl.obolibrary.org/obo/RO_0002641,,http://purl.obolibrary.org/obo/RO_0002635
http://purl.obolibrary.org/obo/RO_0002007,"X outer_layer_of Y iff:
. X :continuant that bearer_of some PATO:laminar
. X part_of Y
. exists Z :surface
. X has_boundary Z
. Z boundary_of Y

has_boundary: http://purl.obolibrary.org/obo/RO_0002002
boundary_of: http://purl.obolibrary.org/obo/RO_0002000",http://purl.obolibrary.org/obo/BFO_0000050
http://purl.obolibrary.org/obo/RO_0000057,"a relation between a process and a continuant, in which the continuant is somehow involved in the process",
http://purl.obolibrary.org/obo/RO_0002598,"Holds between c and p if and only if c is capable of some activity a, and a positively regulates p.",http://purl.obolibrary.org/obo/RO_0002596
http://purl.obolibrary.org/obo/RO_0002378,x anabranch_of y if x is a distributary of y (i.e. it channels a from a larger flow from y) and x ultimately channels the flow back into y.,
http://purl.obolibrary.org/obo/RO_0002480,An interaction relation between x and y in which x catalyzes a reaction in which one or more ubiquitin groups are added to y,http://purl.obolibrary.org/obo/RO_0002436
http://purl.obolibrary.org/obo/RO_0002258,"Candidate definition: x developmentally related to y if and only if there exists some developmental process (GO:0032502) p such that x and y both participates in p, and x is the output of p and y is the input of p",http://purl.obolibrary.org/obo/RO_0002324
http://purl.obolibrary.org/obo/RO_HOM0000024,Paralogy that results from a duplication preceding a given speciation event.,http://purl.obolibrary.org/obo/RO_HOM0000011
http://purl.obolibrary.org/obo/RO_0002569,,http://purl.obolibrary.org/obo/RO_0002375
http://purl.obolibrary.org/obo/RO_0002531,inverse of immediately downstream of,http://purl.obolibrary.org/obo/RO_0002528 http://purl.obolibrary.org/obo/RO_0002515
http://purl.obolibrary.org/obo/RO_0002557,,http://purl.obolibrary.org/obo/RO_0002453
http://purl.obolibrary.org/obo/RO_0002424,,
http://purl.obolibrary.org/obo/RO_0002327,,http://purl.obolibrary.org/obo/RO_0002215
http://purl.obolibrary.org/obo/RO_HOM0000006,Homology that is defined by similarity with regard to selected structural parameters.,http://purl.obolibrary.org/obo/RO_HOM0000001
http://purl.obolibrary.org/obo/RO_0002240,"A broad relationship between an exposure event or process and any entity (e.g., a human, human population, or a human organ) that interacts with an exposure stressor during the exposure event",http://purl.obolibrary.org/obo/RO_0002244
http://purl.obolibrary.org/obo/RO_0002002,"a relation between a material entity and a 2D immaterial entity (the boundary), in which the boundary delimits the material entity",http://purl.obolibrary.org/obo/RO_0002323
http://purl.obolibrary.org/obo/RO_0002376,"x tributary_of y if and only if x a channel for the flow of a substance into y, where y is larger than x. If x and y are hydrographic features, then y is the main stem of a river, or a lake or bay, but not the sea or ocean. If x and y are anatomical, then y is a vein.",http://purl.obolibrary.org/obo/RO_0002375
http://purl.obolibrary.org/obo/RO_0002211,"x regulates y if and only if the x is the realization of a function to exert an effect on the frequency, rate or extent of y",http://purl.obolibrary.org/obo/RO_0002411
http://purl.obolibrary.org/obo/RO_0002348,p 'results in commitment to' c if and only if p is a developmental process and c is a cell and p results in the state of c changing such that is can only develop into a single cell type.,http://purl.obolibrary.org/obo/RO_0002295
http://purl.obolibrary.org/obo/RO_0002252,"b connecting-branch-of s iff b is connected to s, and there exists some tree-like structure t such that the mereological sum of b plus s is either the same as t or a branching-part-of t.",http://purl.obolibrary.org/obo/RO_0002375
http://purl.obolibrary.org/obo/RO_HOM0000033,Convergence that results from co-evolution usually involving an evolutionary arms race.,http://purl.obolibrary.org/obo/RO_HOM0000004
http://purl.obolibrary.org/obo/RO_HOM0000043,Historical homology that is based on distant shared ancestry.,http://purl.obolibrary.org/obo/RO_HOM0000007
http://purl.obolibrary.org/obo/RO_HOM0000026,"1:many orthology that involves a gene in species A and its ortholog in species B, when duplications more recent than the species split have occurred in species A but not in species B.",http://purl.obolibrary.org/obo/RO_HOM0000034
http://purl.obolibrary.org/obo/RO_0002329,"this relation holds between c and p when c is part of some c', and c' is capable of p.",http://purl.obolibrary.org/obo/RO_0002328
http://purl.obolibrary.org/obo/RO_0002558,,http://purl.obolibrary.org/obo/RO_0002616
http://purl.obolibrary.org/obo/RO_0002425,,http://purl.obolibrary.org/obo/RO_0002424
http://purl.obolibrary.org/obo/RO_HOM0000034,Orthology that involves two genes when duplications more recent than the species split have occurred in one species but not the other.,http://purl.obolibrary.org/obo/RO_HOM0000017 http://purl.obolibrary.org/obo/RO_HOM0000037
http://purl.obolibrary.org/obo/RO_0002401,,
http://purl.obolibrary.org/obo/RO_0002328,,
http://purl.obolibrary.org/obo/RO_HOM0000048,Orthology that involves two genes that experienced duplications more recent than the species split that created them.,http://purl.obolibrary.org/obo/RO_HOM0000036 http://purl.obolibrary.org/obo/RO_HOM0000017
http://purl.obolibrary.org/obo/RO_0002242,A broad relationship between an exposure event or process and a process by which the exposure stressor comes into contact with the exposure receptor,http://purl.obolibrary.org/obo/RO_0002244
