Level	Rule Name	Subject	Property	Value
WARN	annotation_whitespace	in neural circuit with [RO:0000300]	first order logic expression [IAO:0000426]	(forall (?x ?y)         (iff             (neural_circuit_path  ?x ?y)            (and                (\"neuron ; CL_0000540\" ?x)                (\"neuron ; CL_0000540\" ?y)                (or                     (synapsed_by ?x ?y)                     (synapsed_to ?x ?y)))))         (forall (...s ?x ?y ?z)         (iff             (neural_circuit_path  ...s ?x ?y ?z)            (and                (neural_circuit_path  ...s ?x ?y)                (\"neuron ; CL_0000540\" ?z)                (or                     (synapsed_by ?y ?z)                     (synapsed_to ?y ?z)))))         (forall (?x ?y)         (iff             (in_neural_circuit_with ?x ?y)            (exists (...s)                (neural_circuit_path  ?x ...s ?y)))) 	
WARN	annotation_whitespace	contained in [RO:0001018]	editor note [IAO:0000116]	Intended meaning:    domain: material entity    range: spatial region or site (immaterial continuant)            @en	
WARN	annotation_whitespace	ends during [RO:0002093]	comment [rdfs:comment]	X ends_during Y iff: ((start(Y) before_or_simultaneous_with end(X)) AND end(X) before_or_simultaneous_with end(Y). @en	
WARN	annotation_whitespace	synapsed by [RO:0002103]	definition [IAO:0000115]	Relation between an anatomical structure (including cells) and a neuron that chemically synapses to it. @en	
WARN	annotation_whitespace	has postsynaptic terminal in [RO:0002110]	definition [IAO:0000115]	Relation between a neuron and some structure (e.g.- a brain region) in which it receives (chemical) synaptic input. @en	
WARN	annotation_whitespace	synapsed to [RO:0002120]	definition [IAO:0000115]	 Relation between a neuron and an anatomical structure (including cells) that it chemically synapses to.            @en	
WARN	annotation_whitespace	never in taxon [RO:0002161]	expand assertion to [IAO:0000425]	?X DisjointWith RO_0002162 some ?Y 	
WARN	annotation_whitespace	spatially disjoint from [RO:0002163]	editor note [IAO:0000116]	There are two ways to encode this as a shortcut relation. The other possibility to use an annotation assertion between two classes, and expand this to a disjointness axiom. @en	
WARN	annotation_whitespace	capable of [RO:0002215]	definition [IAO:0000115]	A relation between a material entity (such as a cell) and a process, in which the material entity has the ability to carry out the process. 	
WARN	annotation_whitespace	developmentally induced by [RO:0002256]	definition source [IAO:0000119]	 Developmental Biology, Gilbert, 8th edition, figure 6.5(F)	
WARN	annotation_whitespace	results in maturation of [RO:0002299]	example of usage [IAO:0000112]	 an annotation of gene X to cell maturation with results_in_maturation_of CL:0000057 (fibroblast) means that the fibroblast is mature at the end of the process	
WARN	annotation_whitespace	contributes to [RO:0002326]	curator note [IAO:0000232]	In the context of the Gene Ontology, contributes_to may be used only with classes from the molecular function ontology. 	
WARN	annotation_whitespace	results in transport along [RO:0002341]	definition [IAO:0000115]	Holds between p and l when p is a transportation or localization process and the outcome of this process is to move c from one location to another, and the route taken by c follows a path that is aligned_with l 	
WARN	annotation_whitespace	results in specification of [RO:0002356]	definition [IAO:0000115]	The relationship linking a cell and its participation in a process that results in the fate of the cell being specified. Once specification has taken place, a cell will be committed to differentiate down a specific pathway if left in its normal environment. 	
WARN	annotation_whitespace	obsolete has direct output [RO:0002402]	definition [IAO:0000115]	p has direct input c iff c is a participanti n p, c is present at the end of p, and c is not present at the beginning of c. 	
WARN	annotation_whitespace	always present in taxon [RO:0002504]	editor note [IAO:0000116]	This is a very strong relation. Often we will not have enough evidence to know for sure that there are no species within a lineage that lack the structure - loss is common in evolution. However, there are some statements we can make with confidence - no vertebrate lineage could persist without a brain or a heart. All primates are limbed. 	
WARN	annotation_whitespace	sequentially related to [RO:0002514]	definition [IAO:0000115]	A relation that holds between two entities that have the property of being sequences or having sequences. 	
WARN	annotation_whitespace	temporal logical macro assertion on a class [RO:0002535]	curator note [IAO:0000232]	This properties were created originally for the annotation of developmental or life cycle stages, such as for example Carnegie Stage 20 in humans. 	
WARN	annotation_whitespace	in many to many homology relationship with [RO:HOM0000036]	has_exact_synonym [oboInOwl:hasExactSynonym]	many:many homology 	
WARN	annotation_whitespace	ro.owl	homepage [foaf:homepage]	 https://github.com/oborel/obo-relations/^^http://www.w3.org/2001/XMLSchema#anyURI	
WARN	duplicate_exact_synonym	capable of inhibiting or preventing pathological process [RO:0002599]	alternative term [IAO:0000118]	treats	
WARN	duplicate_exact_synonym	is substance that treats [RO:0002606]	alternative term [IAO:0000118]	treats	
WARN	duplicate_exact_synonym	starts with [RO:0002224]	alternative term [IAO:0000118]	started by	
WARN	duplicate_exact_synonym	has start sequence [RO:0002516]	alternative term [IAO:0000118]	started by	
WARN	missing_definition	spatial region [BFO:0000006]	definition [IAO:0000115]		
WARN	missing_definition	disposition [BFO:0000016]	definition [IAO:0000115]		
WARN	missing_definition	quality [BFO:0000019]	definition [IAO:0000115]		
WARN	missing_definition	function [BFO:0000034]	definition [IAO:0000115]		
WARN	missing_definition	immaterial entity [BFO:0000141]	definition [IAO:0000115]		
WARN	missing_definition	anatomical entity [CARO:0000000]	definition [IAO:0000115]		
WARN	missing_definition	connected anatomical structure [CARO:0000003]	definition [IAO:0000115]		
WARN	missing_definition	material anatomical entity [CARO:0000006]	definition [IAO:0000115]		
WARN	missing_definition	immaterial anatomical entity [CARO:0000007]	definition [IAO:0000115]		
WARN	missing_definition	connected anatomical system [CARO:0000011]	definition [IAO:0000115]		
WARN	missing_definition	multi-cell-part structure [CARO:0001000]	definition [IAO:0000115]		
WARN	missing_definition	neuron projection bundle [CARO:0001001]	definition [IAO:0000115]		
WARN	missing_definition	organism or virus or viroid [CARO:0001010]	definition [IAO:0000115]		
WARN	missing_definition	multicellular anatomical structure [CARO:0010000]	definition [IAO:0000115]		
WARN	missing_definition	biological entity [CARO:0030000]	definition [IAO:0000115]		
WARN	missing_definition	cell [CL:0000000]	definition [IAO:0000115]		
WARN	missing_definition	neuron [CL:0000540]	definition [IAO:0000115]		
WARN	missing_definition	biome [ENVO:00000428]	definition [IAO:0000115]		
WARN	missing_definition	environmental system [ENVO:01000254]	definition [IAO:0000115]		
WARN	missing_definition	molecular_function [GO:0003674]	definition [IAO:0000115]		
WARN	missing_definition	catalytic activity [GO:0003824]	definition [IAO:0000115]		
WARN	missing_definition	ubiquitin-protein ligase activity [GO:0004842]	definition [IAO:0000115]		
WARN	missing_definition	nucleus [GO:0005634]	definition [IAO:0000115]		
WARN	missing_definition	behavior [GO:0007610]	definition [IAO:0000115]		
WARN	missing_definition	feeding behavior [GO:0007631]	definition [IAO:0000115]		
WARN	missing_definition	biological_process [GO:0008150]	definition [IAO:0000115]		
WARN	missing_definition	membrane [GO:0016020]	definition [IAO:0000115]		
WARN	missing_definition	kinase activity [GO:0016301]	definition [IAO:0000115]		
WARN	missing_definition	transferase activity [GO:0016740]	definition [IAO:0000115]		
WARN	missing_definition	transferase activity, transferring phosphorus-containing groups [GO:0016772]	definition [IAO:0000115]		
WARN	missing_definition	ligase activity [GO:0016874]	definition [IAO:0000115]		
WARN	missing_definition	ligase activity, forming carbon-nitrogen bonds [GO:0016879]	definition [IAO:0000115]		
WARN	missing_definition	acid-amino acid ligase activity [GO:0016881]	definition [IAO:0000115]		
WARN	missing_definition	small conjugating protein ligase activity [GO:0019787]	definition [IAO:0000115]		
WARN	missing_definition	axon [GO:0030424]	definition [IAO:0000115]		
WARN	missing_definition	dendrite [GO:0030425]	definition [IAO:0000115]		
WARN	missing_definition	presynaptic membrane [GO:0042734]	definition [IAO:0000115]		
WARN	missing_definition	cell projection [GO:0042995]	definition [IAO:0000115]		
WARN	missing_definition	neuron projection [GO:0043005]	definition [IAO:0000115]		
WARN	missing_definition	symbiosis, encompassing mutualism through parasitism [GO:0044403]	definition [IAO:0000115]		
WARN	missing_definition	interspecies interaction between organisms [GO:0044419]	definition [IAO:0000115]		
WARN	missing_definition	synapse part [GO:0044456]	definition [IAO:0000115]		
WARN	missing_definition	cell part [GO:0044464]	definition [IAO:0000115]		
WARN	missing_definition	synapse [GO:0045202]	definition [IAO:0000115]		
WARN	missing_definition	postsynaptic membrane [GO:0045211]	definition [IAO:0000115]		
WARN	missing_definition	response to stimulus [GO:0050896]	definition [IAO:0000115]		
WARN	missing_definition	interaction with symbiont [GO:0051702]	definition [IAO:0000115]		
WARN	missing_definition	multi-organism process [GO:0051704]	definition [IAO:0000115]		
WARN	missing_definition	multi-organism behavior [GO:0051705]	definition [IAO:0000115]		
WARN	missing_definition	acquisition of nutrients from other organism during symbiotic interaction [GO:0051816]	definition [IAO:0000115]		
WARN	missing_definition	acquisition of nutrients from symbiont [GO:0051850]	definition [IAO:0000115]		
WARN	missing_definition	parasitism [GO:0072519]	definition [IAO:0000115]		
WARN	missing_definition	mutualism [GO:0085030]	definition [IAO:0000115]		
WARN	missing_definition	commensalism [GO:0085031]	definition [IAO:0000115]		
WARN	missing_definition	IAO:0000078	definition [IAO:0000115]		
WARN	missing_definition	editor preferred term [IAO:0000111]	definition [IAO:0000115]		
WARN	missing_definition	example of usage [IAO:0000112]	definition [IAO:0000115]		
WARN	missing_definition	has curation status [IAO:0000114]	definition [IAO:0000115]		
WARN	missing_definition	definition [IAO:0000115]	definition [IAO:0000115]		
WARN	missing_definition	editor note [IAO:0000116]	definition [IAO:0000115]		
WARN	missing_definition	term editor [IAO:0000117]	definition [IAO:0000115]		
WARN	missing_definition	alternative term [IAO:0000118]	definition [IAO:0000115]		
WARN	missing_definition	definition source [IAO:0000119]	definition [IAO:0000115]		
WARN	missing_definition	IAO:0000225	definition [IAO:0000115]		
WARN	missing_definition	curator note [IAO:0000232]	definition [IAO:0000115]		
WARN	missing_definition	imported from [IAO:0000412]	definition [IAO:0000115]		
WARN	missing_definition	expand expression to [IAO:0000424]	definition [IAO:0000115]		
WARN	missing_definition	expand assertion to [IAO:0000425]	definition [IAO:0000115]		
WARN	missing_definition	OBO foundry unique label [IAO:0000589]	definition [IAO:0000115]		
WARN	missing_definition	elucidation [IAO:0000600]	definition [IAO:0000115]		
WARN	missing_definition	IAO:0100001	definition [IAO:0000115]		
WARN	missing_definition	quality [PATO:0000001]	definition [IAO:0000115]		
WARN	missing_definition	morphology [PATO:0000051]	definition [IAO:0000115]		
WARN	missing_definition	shape [PATO:0000052]	definition [IAO:0000115]		
WARN	missing_definition	structure [PATO:0000141]	definition [IAO:0000115]		
WARN	missing_definition	branched [PATO:0000402]	definition [IAO:0000115]		
WARN	missing_definition	linear [PATO:0001199]	definition [IAO:0000115]		
WARN	missing_definition	physical object quality [PATO:0001241]	definition [IAO:0000115]		
WARN	missing_definition	branchiness [PATO:0002009]	definition [IAO:0000115]		
WARN	missing_definition	laminar [PATO:0002124]	definition [IAO:0000115]		
WARN	missing_definition	contained in [RO:0001018]	definition [IAO:0000115]		
WARN	missing_definition	contains [RO:0001019]	definition [IAO:0000115]		
WARN	missing_definition	aligned with [RO:0002001]	definition [IAO:0000115]		
WARN	missing_definition	innervated_by [RO:0002005]	definition [IAO:0000115]		
WARN	missing_definition	has synaptic terminal of [RO:0002006]	definition [IAO:0000115]		
WARN	missing_definition	has necessary component activity [RO:0002016]	definition [IAO:0000115]		
WARN	missing_definition	has component activity [RO:0002017]	definition [IAO:0000115]		
WARN	missing_definition	directly regulated by [RO:0002022]	definition [IAO:0000115]		
WARN	missing_definition	before or simultaneous with [RO:0002081]	definition [IAO:0000115]		
WARN	missing_definition	simultaneous with [RO:0002082]	definition [IAO:0000115]		
WARN	missing_definition	before [RO:0002083]	definition [IAO:0000115]		
WARN	missing_definition	during which ends [RO:0002084]	definition [IAO:0000115]		
WARN	missing_definition	encompasses [RO:0002085]	definition [IAO:0000115]		
WARN	missing_definition	ends after [RO:0002086]	definition [IAO:0000115]		
WARN	missing_definition	immediately preceded by [RO:0002087]	definition [IAO:0000115]		
WARN	missing_definition	during which starts [RO:0002088]	definition [IAO:0000115]		
WARN	missing_definition	starts before [RO:0002089]	definition [IAO:0000115]		
WARN	missing_definition	immediately precedes [RO:0002090]	definition [IAO:0000115]		
WARN	missing_definition	starts during [RO:0002091]	definition [IAO:0000115]		
WARN	missing_definition	happens during [RO:0002092]	definition [IAO:0000115]		
WARN	missing_definition	ends during [RO:0002093]	definition [IAO:0000115]		
WARN	missing_definition	releases neurotransmitter [RO:0002111]	definition [IAO:0000115]		
WARN	missing_definition	serially homologous to [RO:0002159]	definition [IAO:0000115]		
WARN	missing_definition	temporally related to [RO:0002222]	definition [IAO:0000115]		
WARN	missing_definition	part of developmental precursor of [RO:0002287]	definition [IAO:0000115]		
WARN	missing_definition	results in formation of [RO:0002297]	definition [IAO:0000115]		
WARN	missing_definition	results in disappearance of [RO:0002300]	definition [IAO:0000115]		
WARN	missing_definition	results in developmental regression of [RO:0002301]	definition [IAO:0000115]		
WARN	missing_definition	causally upstream of, positive effect [RO:0002304]	definition [IAO:0000115]		
WARN	missing_definition	causally upstream of, negative effect [RO:0002305]	definition [IAO:0000115]		
WARN	missing_definition	evolutionary variant of [RO:0002312]	definition [IAO:0000115]		
WARN	missing_definition	confers advantage in [RO:0002322]	definition [IAO:0000115]		
WARN	missing_definition	contributes to [RO:0002326]	definition [IAO:0000115]		
WARN	missing_definition	enables [RO:0002327]	definition [IAO:0000115]		
WARN	missing_definition	results in growth of [RO:0002343]	definition [IAO:0000115]		
WARN	missing_definition	results in transport to from or in [RO:0002344]	definition [IAO:0000115]		
WARN	missing_definition	exports [RO:0002345]	definition [IAO:0000115]		
WARN	missing_definition	formed as result of [RO:0002354]	definition [IAO:0000115]		
WARN	missing_definition	has dendrite location [RO:0002360]	definition [IAO:0000115]		
WARN	missing_definition	immediately causally downstream of [RO:0002405]	definition [IAO:0000115]		
WARN	missing_definition	directly inhibits [RO:0002408]	definition [IAO:0000115]		
WARN	missing_definition	indirectly inhibits [RO:0002409]	definition [IAO:0000115]		
WARN	missing_definition	logical macro assertion on an annotation property [RO:0002423]	definition [IAO:0000115]		
WARN	missing_definition	differs in [RO:0002424]	definition [IAO:0000115]		
WARN	missing_definition	differs in attribute of [RO:0002425]	definition [IAO:0000115]		
WARN	missing_definition	differs in attribute [RO:0002426]	definition [IAO:0000115]		
WARN	missing_definition	genetically interacts with [RO:0002435]	definition [IAO:0000115]		
WARN	missing_definition	parasite of [RO:0002444]	definition [IAO:0000115]		
WARN	missing_definition	parasitized by [RO:0002445]	definition [IAO:0000115]		
WARN	missing_definition	phosphorylates [RO:0002447]	definition [IAO:0000115]		
WARN	missing_definition	host of [RO:0002453]	definition [IAO:0000115]		
WARN	missing_definition	has host [RO:0002454]	definition [IAO:0000115]		
WARN	missing_definition	pollinates [RO:0002455]	definition [IAO:0000115]		
WARN	missing_definition	pollinated by [RO:0002456]	definition [IAO:0000115]		
WARN	missing_definition	acquires nutrients from [RO:0002457]	definition [IAO:0000115]		
WARN	missing_definition	is vector for [RO:0002459]	definition [IAO:0000115]		
WARN	missing_definition	has vector [RO:0002460]	definition [IAO:0000115]		
WARN	missing_definition	partner in [RO:0002461]	definition [IAO:0000115]		
WARN	missing_definition	subject participant in [RO:0002462]	definition [IAO:0000115]		
WARN	missing_definition	target participant in [RO:0002463]	definition [IAO:0000115]		
WARN	missing_definition	helper property (not for use in curation) [RO:0002464]	definition [IAO:0000115]		
WARN	missing_definition	is symbiosis [RO:0002465]	definition [IAO:0000115]		
WARN	missing_definition	is commensalism [RO:0002466]	definition [IAO:0000115]		
WARN	missing_definition	is mutualism [RO:0002467]	definition [IAO:0000115]		
WARN	missing_definition	is parasitism [RO:0002468]	definition [IAO:0000115]		
WARN	missing_definition	provides nutrients for [RO:0002469]	definition [IAO:0000115]		
WARN	missing_definition	eats [RO:0002470]	definition [IAO:0000115]		
WARN	missing_definition	is eaten by [RO:0002471]	definition [IAO:0000115]		
WARN	missing_definition	is kinase activity [RO:0002481]	definition [IAO:0000115]		
WARN	missing_definition	is ubiquitination [RO:0002482]	definition [IAO:0000115]		
WARN	missing_definition	inherited annotation property [RO:0002483]	definition [IAO:0000115]		
WARN	missing_definition	receives input from [RO:0002485]	definition [IAO:0000115]		
WARN	missing_definition	sends output to [RO:0002486]	definition [IAO:0000115]		
WARN	missing_definition	relation between physical entity and a process or stage [RO:0002487]	definition [IAO:0000115]		
WARN	missing_definition	depends on [RO:0002502]	definition [IAO:0000115]		
WARN	missing_definition	causal relation between material entities [RO:0002506]	definition [IAO:0000115]		
WARN	missing_definition	temporal logical macro assertion on a class [RO:0002535]	definition [IAO:0000115]		
WARN	missing_definition	measurement property has unit [RO:0002536]	definition [IAO:0000115]		
WARN	missing_definition	has start time value [RO:0002537]	definition [IAO:0000115]		
WARN	missing_definition	has end time value [RO:0002538]	definition [IAO:0000115]		
WARN	missing_definition	start, weeks post birth [RO:0002549]	definition [IAO:0000115]		
WARN	missing_definition	end, weeks post birth [RO:0002550]	definition [IAO:0000115]		
WARN	missing_definition	allelopath of [RO:0002555]	definition [IAO:0000115]		
WARN	missing_definition	pathogen of [RO:0002556]	definition [IAO:0000115]		
WARN	missing_definition	has pathogen [RO:0002557]	definition [IAO:0000115]		
WARN	missing_definition	causally influenced by [RO:0002559]	definition [IAO:0000115]		
WARN	missing_definition	interaction relation helper property [RO:0002563]	definition [IAO:0000115]		
WARN	missing_definition	molecular interaction relation helper property [RO:0002564]	definition [IAO:0000115]		
WARN	missing_definition	participates in a biotic-biotic interaction with [RO:0002574]	definition [IAO:0000115]		
WARN	missing_definition	logical macro assertion on an axiom [RO:0002580]	definition [IAO:0000115]		
WARN	missing_definition	results in closure of [RO:0002585]	definition [IAO:0000115]		
WARN	missing_definition	results in synthesis of [RO:0002587]	definition [IAO:0000115]		
WARN	missing_definition	results in assembly of [RO:0002588]	definition [IAO:0000115]		
WARN	missing_definition	results in disassembly of [RO:0002590]	definition [IAO:0000115]		
WARN	missing_definition	results in remodeling of [RO:0002591]	definition [IAO:0000115]		
WARN	missing_definition	evidential logical macro assertion on an axiom [RO:0002611]	definition [IAO:0000115]		
WARN	missing_definition	related via evidence or inference to [RO:0002616]	definition [IAO:0000115]		
WARN	missing_definition	visits [RO:0002618]	definition [IAO:0000115]		
WARN	missing_definition	visited by [RO:0002619]	definition [IAO:0000115]		
WARN	missing_definition	visits flowers of [RO:0002622]	definition [IAO:0000115]		
WARN	missing_definition	has flowers visited by [RO:0002623]	definition [IAO:0000115]		
WARN	missing_definition	lays eggs in [RO:0002624]	definition [IAO:0000115]		
WARN	missing_definition	has eggs laid in by [RO:0002625]	definition [IAO:0000115]		
WARN	missing_definition	kills [RO:0002626]	definition [IAO:0000115]		
WARN	missing_definition	is killed by [RO:0002627]	definition [IAO:0000115]		
WARN	missing_definition	endoparasite of [RO:0002634]	definition [IAO:0000115]		
WARN	missing_definition	has endoparasite [RO:0002635]	definition [IAO:0000115]		
WARN	missing_definition	condition has genetic basis in [RO:0004000]	definition [IAO:0000115]		
WARN	missing_definition	has material basis in gain of function germline mutation in [RO:0004001]	definition [IAO:0000115]		
WARN	missing_definition	has material basis in loss of function germline mutation in [RO:0004002]	definition [IAO:0000115]		
WARN	missing_definition	has material basis in germline mutation in [RO:0004003]	definition [IAO:0000115]		
WARN	missing_definition	has material basis in somatic mutation in [RO:0004004]	definition [IAO:0000115]		
WARN	missing_definition	has major susceptibility factor [RO:0004005]	definition [IAO:0000115]		
WARN	missing_definition	has partial material basis in germline mutation in [RO:0004006]	definition [IAO:0000115]		
WARN	missing_definition	is genetic basis for condition [RO:0004010]	definition [IAO:0000115]		
WARN	missing_definition	realizable has basis in [RO:0004017]	definition [IAO:0000115]		
WARN	missing_definition	is basis for realizable [RO:0004018]	definition [IAO:0000115]		
WARN	missing_definition	disease has basis in [RO:0004019]	definition [IAO:0000115]		
WARN	missing_definition	causal relationship with disease as subject [RO:0004023]	definition [IAO:0000115]		
WARN	missing_definition	disease causes dysfunction of [RO:0004025]	definition [IAO:0000115]		
WARN	missing_definition	acts upstream of or within, positive effect [RO:0004032]	definition [IAO:0000115]		
WARN	missing_definition	acts upstream of or within, negative effect [RO:0004033]	definition [IAO:0000115]		
WARN	missing_definition	causally upstream of or within, negative effect [RO:0004046]	definition [IAO:0000115]		
WARN	missing_definition	causally upstream of or within, positive effect [RO:0004047]	definition [IAO:0000115]		
WARN	missing_definition	is positive form of [RO:0004049]	definition [IAO:0000115]		
WARN	missing_definition	is negative form of [RO:0004050]	definition [IAO:0000115]		
WARN	missing_definition	phenotype [UPHENO:0001001]	definition [IAO:0000115]		
WARN	missing_definition	Obsolete Class [oboInOwl:ObsoleteClass]	definition [IAO:0000115]		
WARN	missing_definition	subset_property [oboInOwl:SubsetProperty]	definition [IAO:0000115]		
WARN	missing_definition	has_broad_synonym [oboInOwl:hasBroadSynonym]	definition [IAO:0000115]		
WARN	missing_definition	database_cross_reference [oboInOwl:hasDbXref]	definition [IAO:0000115]		
WARN	missing_definition	has_exact_synonym [oboInOwl:hasExactSynonym]	definition [IAO:0000115]		
WARN	missing_definition	has_obo_format_version [oboInOwl:hasOBOFormatVersion]	definition [IAO:0000115]		
WARN	missing_definition	has_related_synonym [oboInOwl:hasRelatedSynonym]	definition [IAO:0000115]		
WARN	missing_definition	in_subset [oboInOwl:inSubset]	definition [IAO:0000115]		
WARN	missing_definition	shorthand [oboInOwl:shorthand]	definition [IAO:0000115]		
INFO	lowercase_definition	part of [BFO:0000050]	definition [IAO:0000115]	a core relation that holds between a part and its whole@en	
INFO	lowercase_definition	has part [BFO:0000051]	definition [IAO:0000115]	a core relation that holds between a whole and its part@en	
INFO	lowercase_definition	realized in [BFO:0000054]	elucidation [IAO:0000600]	[copied from inverse property 'realizes'] to say that b realizes c at t is to assert that there is some material entity d & b is a process which has participant d at t & c is a disposition or role of which d is bearer_of at t& the type instantiated by b is correlated with the type instantiated by c. (axiom label in BFO2 Reference: [059-003])@en	
INFO	lowercase_definition	realizes [BFO:0000055]	elucidation [IAO:0000600]	to say that b realizes c at t is to assert that there is some material entity d & b is a process which has participant d at t & c is a disposition or role of which d is bearer_of at t& the type instantiated by b is correlated with the type instantiated by c. (axiom label in BFO2 Reference: [059-003])@en	
INFO	lowercase_definition	preceded by [BFO:0000062]	definition [IAO:0000115]	x is preceded by y if and only if the time point at which y ends is before or equivalent to the time point at which x starts. Formally: x preceded by y iff ω(y) <= α(x), where α is a function that maps a process to a start point, and ω is a function that maps a process to an end point.@en	
INFO	lowercase_definition	precedes [BFO:0000063]	definition [IAO:0000115]	x precedes y if and only if the time point at which x ends is before or equivalent to the time point at which y starts. Formally: x precedes y iff ω(x) <= α(y), where α is a function that maps a process to a start point, and ω is a function that maps a process to an end point.@en	
INFO	lowercase_definition	occurs in [BFO:0000066]	definition [IAO:0000115]	b occurs_in c =def b is a process and c is a material entity or immaterial entity& there exists a spatiotemporal region r and b occupies_spatiotemporal_region r.& forall(t) if b exists_at t then c exists_at t & there exist spatial regions s and s’ where & b spatially_projects_onto s at t& c is occupies_spatial_region s’ at t& s is a proper_continuant_part_of s’ at t@en	
INFO	lowercase_definition	contains process [BFO:0000067]	definition [IAO:0000115]	[copied from inverse property 'occurs in'] b occurs_in c =def b is a process and c is a material entity or immaterial entity& there exists a spatiotemporal region r and b occupies_spatiotemporal_region r.& forall(t) if b exists_at t then c exists_at t & there exist spatial regions s and s’ where & b spatially_projects_onto s at t& c is occupies_spatial_region s’ at t& s is a proper_continuant_part_of s’ at t@en	
INFO	lowercase_definition	inheres in [RO:0000052]	definition [IAO:0000115]	a relation between a specifically dependent continuant (the dependent) and an independent continuant (the bearer), in which the dependent specifically depends on the bearer for its existence@en	
INFO	lowercase_definition	bearer of [RO:0000053]	definition [IAO:0000115]	a relation between an independent continuant (the bearer) and a specifically dependent continuant (the dependent), in which the dependent specifically depends on the bearer for its existence@en	
INFO	lowercase_definition	participates in [RO:0000056]	definition [IAO:0000115]	a relation between a continuant and a process, in which the continuant is somehow involved in the process@en	
INFO	lowercase_definition	has participant [RO:0000057]	definition [IAO:0000115]	a relation between a process and a continuant, in which the continuant is somehow involved in the process@en	
INFO	lowercase_definition	function of [RO:0000079]	definition [IAO:0000115]	a relation between a function and an independent continuant (the bearer), in which the function specifically depends on the bearer for its existence@en	
INFO	lowercase_definition	quality of [RO:0000080]	definition [IAO:0000115]	a relation between a quality and an independent continuant (the bearer), in which the quality specifically depends on the bearer for its existence@en	
INFO	lowercase_definition	role of [RO:0000081]	definition [IAO:0000115]	a relation between a role and an independent continuant (the bearer), in which the role specifically depends on the bearer for its existence@en	
INFO	lowercase_definition	has function [RO:0000085]	definition [IAO:0000115]	a relation between an independent continuant (the bearer) and a function, in which the function specifically depends on the bearer for its existence@en	
INFO	lowercase_definition	has quality [RO:0000086]	definition [IAO:0000115]	a relation between an independent continuant (the bearer) and a quality, in which the quality specifically depends on the bearer for its existence@en	
INFO	lowercase_definition	has role [RO:0000087]	definition [IAO:0000115]	a relation between an independent continuant (the bearer) and a role, in which the role specifically depends on the bearer for its existence@en	
INFO	lowercase_definition	has disposition [RO:0000091]	definition [IAO:0000115]	a relation between an independent continuant (the bearer) and a disposition, in which the disposition specifically depends on the bearer for its existence@en	
INFO	lowercase_definition	disposition of [RO:0000092]	definition [IAO:0000115]	inverse of has disposition	
INFO	lowercase_definition	derives from [RO:0001000]	definition [IAO:0000115]	a relation between two distinct material entities, the new entity and the old entity, in which the new entity begins to exist when the old entity ceases to exist, and the new entity inherits the significant portion of the matter of the old entity@en	
INFO	lowercase_definition	derives into [RO:0001001]	definition [IAO:0000115]	a relation between two distinct material entities, the old entity and the new entity, in which the new entity begins to exist when the old entity ceases to exist, and the new entity inherits the significant portion of the matter of the old entity@en	
INFO	lowercase_definition	location of [RO:0001015]	definition [IAO:0000115]	a relation between two independent continuants, the location and the target, in which the target is entirely within the location@en	
INFO	lowercase_definition	located in [RO:0001025]	definition [IAO:0000115]	a relation between two independent continuants, the target and the location, in which the target is entirely within the location@en	
INFO	lowercase_definition	axiom holds for all times [RO:0001901]	definition [IAO:0000115]	        ## Elucidation        This is used when the statement/axiom is assumed to hold true 'eternally'        ## How to interpret (informal)        First the \"atemporal\" FOL is derived from the OWL using the standard    interpretation. This axiom is temporalized by embedding the axiom    within a for-all-times quantified sentence. The t argument is added to    all instantiation predicates and predicates that use this relation.        ## Example            Class: nucleus        SubClassOf: part_of some cell            forall t :          forall n :            instance_of(n,Nucleus,t)             implies            exists c :              instance_of(c,Cell,t)              part_of(n,c,t)        ## Notes        This interpretation is *not* the same as an at-all-times relation        	
INFO	lowercase_definition	relation has no temporal argument [RO:0001902]	definition [IAO:0000115]	        ## Elucidation        This is used when the first-order logic form of the relation is    binary, and takes no temporal argument.        ## Example:            Class: limb        SubClassOf: develops_from some lateral-plate-mesoderm             forall t, t2:          forall x :            instance_of(x,Limb,t)             implies            exists y :              instance_of(y,LPM,t2)              develops_from(x,y)            	
INFO	lowercase_definition	2D boundary of [RO:0002000]	definition [IAO:0000115]	a relation between a 2D immaterial entity (the boundary) and a material entity, in which the boundary delimits the material entity@en	
INFO	lowercase_definition	has 2D boundary [RO:0002002]	definition [IAO:0000115]	a relation between a material entity and a 2D immaterial entity (the boundary), in which the boundary delimits the material entity@en	
INFO	lowercase_definition	regulates in other organism [RO:0002010]	definition [IAO:0000115]	x 'regulates in other organism' y if and only if: (x is the realization of a function to exert an effect on the frequency, rate or extent of y) AND (the agents of x are produced by organism o1 and the agents of y are produced by organism o2).	
INFO	lowercase_definition	has component process [RO:0002018]	definition [IAO:0000115]	w 'has process component' p if p and w are processes,  w 'has part' p and w is such that it can be directly disassembled into into n parts p, p2, p3, ..., pn, where these parts are of similar type.	
INFO	lowercase_definition	fasciculates with [RO:0002101]	definition [IAO:0000115]	relationship between a neuron and a neuron projection bundle (e.g.- tract or nerve bundle) that one or more of its projections travels through.    @en	
INFO	lowercase_definition	synapsed to [RO:0002120]	definition [IAO:0000115]	 Relation between a neuron and an anatomical structure (including cells) that it chemically synapses to.            @en	
INFO	lowercase_definition	overlaps [RO:0002131]	definition [IAO:0000115]	x overlaps y if and only if there exists some z such that x has part z and z part of y	
INFO	lowercase_definition	partially overlaps [RO:0002151]	definition [IAO:0000115]	x partially overlaps y iff there exists some z such that z is part of x and z is part of y, and it is also the case that neither x is part of y or y is part of x	
INFO	lowercase_definition	derived by descent from [RO:0002156]	definition [IAO:0000115]	d derived_by_descent_from a if d is specified by some genetic program that is sequence-inherited-from a genetic program that specifies a.	
INFO	lowercase_definition	has derived by descendant [RO:0002157]	definition [IAO:0000115]	inverse of derived by descent from	
INFO	lowercase_definition	shares ancestor with [RO:0002158]	definition [IAO:0000115]	two individual entities d1 and d2 stand in a shares_ancestor_with relation if and only if there exists some a such that d1 derived_by_descent_from a and d2 derived_by_descent_from a.	
INFO	lowercase_definition	only in taxon [RO:0002160]	definition [IAO:0000115]	x only in taxon y if and only if x is in taxon y, and there is no other organism z such that y!=z a and x is in taxon z.	
INFO	lowercase_definition	never in taxon [RO:0002161]	definition [IAO:0000115]	x never in taxon T if and only if T is a class, and x does not instantiate the class expression \"in taxon some T\". Note that this is a shortcut relation, and should be used as a hasValue restriction in OWL.	
INFO	lowercase_definition	in taxon [RO:0002162]	definition [IAO:0000115]	x is in taxon y if an only if y is an organism, and the relationship between x and y is one of: part of (reflexive), developmentally preceded by, derives from, secreted by, expressed.	
INFO	lowercase_definition	connected to [RO:0002170]	definition [IAO:0000115]	a is connected to b if and only if a and b are discrete structure, and there exists some connecting structure c, such that c connects a and b	
INFO	lowercase_definition	connects [RO:0002176]	definition [IAO:0000115]	c connects a if and only if there exist some b such that a and b are similar parts of the same system, and c connects b, specifically, c connects a with b. When one structure connects two others it unites some aspect of the function or role they play within the system.	
INFO	lowercase_definition	attached to part of [RO:0002177]	definition [IAO:0000115]	a is attached to part of b if a is attached to b, or a is attached to some p, where p is part of b.	
INFO	lowercase_definition	has component [RO:0002180]	definition [IAO:0000115]	w 'has component' p if w 'has part' p and w is such that it can be directly disassembled into into n parts p, p2, p3, ..., pn, where these parts are of similar type.	
INFO	lowercase_definition	phenotype of [RO:0002201]	definition [IAO:0000115]	inverse of has phenotype	
INFO	lowercase_definition	develops from [RO:0002202]	definition [IAO:0000115]	x develops from y if and only if either (a) x directly develops from y or (b) there exists some z such that x directly develops from z and z develops from y	
INFO	lowercase_definition	develops into [RO:0002203]	definition [IAO:0000115]	inverse of develops from	
INFO	lowercase_definition	gene product of [RO:0002204]	definition [IAO:0000115]	definition \"x has gene product of y if and only if y is a gene (SO:0000704) that participates in some gene expression process (GO:0010467) where the output of that process is either y or something that is ribosomally translated from x\"	
INFO	lowercase_definition	has gene product [RO:0002205]	definition [IAO:0000115]	x has gene product y if and only if x is a gene (SO:0000704) that participates in some gene expression process (GO:0010467) where the output of that process is either y or something that is ribosomally translated from y	
INFO	lowercase_definition	expressed in [RO:0002206]	definition [IAO:0000115]	x expressed in y if and only if there is a gene expression process (GO:0010467) that occurs in y, and one of the following holds: (i) x is a gene, and x is transcribed into a transcript as part of the gene expression process (ii) x is a transcript, and the transcription of x is part of the gene expression process (iii) x is a mature gene product such as a protein, and x was translated or otherwise processes from a transcript that was transcribed as part of this gene expression process	
INFO	lowercase_definition	has parasitoid [RO:0002209]	definition [IAO:0000115]	inverse of parasitoid of	
INFO	lowercase_definition	directly develops into [RO:0002210]	definition [IAO:0000115]	inverse of directly develops from	
INFO	lowercase_definition	regulates [RO:0002211]	definition [IAO:0000115]	process(P1) regulates process(P2) iff: P1 results in the initiation or termination of P2 OR affects the frequency of its initiation or termination OR affects the magnitude or rate of output of P2.	
INFO	lowercase_definition	has prototype [RO:0002214]	definition [IAO:0000115]	x has prototype y if and only if x is an instance of C and y is a prototypical instance of C. For example, every instance of heart, both normal and abnormal is related by the has prototype relation to some instance of a \"canonical\" heart, which participates in blood circulation.	
INFO	lowercase_definition	capable of part of [RO:0002216]	definition [IAO:0000115]	c stands in this relationship to p if and only if there exists some p' such that c is capable_of p', and p' is part_of p.	
INFO	lowercase_definition	obsolete has active participant [RO:0002218]	definition [IAO:0000115]	x has participant y if and only if x realizes some active role that inheres in y	
INFO	lowercase_definition	surrounded by [RO:0002219]	definition [IAO:0000115]	x surrounded_by y if and only if (1) x is adjacent to y and for every region r that is adjacent to x, r overlaps y (2) the shared boundary between x and y occupies the majority of the outermost boundary of x	
INFO	lowercase_definition	adjacent to [RO:0002220]	definition [IAO:0000115]	x adjacent to y if and only if x and y share a boundary.	
INFO	lowercase_definition	surrounds [RO:0002221]	definition [IAO:0000115]	inverse of surrounded by	
INFO	lowercase_definition	starts [RO:0002223]	definition [IAO:0000115]	inverse of starts with	
INFO	lowercase_definition	starts with [RO:0002224]	definition [IAO:0000115]	x starts with y if and only if x has part y and the time point at which x starts is equivalent to the time point at which y starts. Formally: α(y) = α(x) ∧ ω(y) < ω(x), where α is a function that maps a process to a start point, and ω is a function that maps a process to an end point.	
INFO	lowercase_definition	develops from part of [RO:0002225]	definition [IAO:0000115]	x develops from part of y if and only if there exists some z such that x develops from z and z is part of y	
INFO	lowercase_definition	develops in [RO:0002226]	definition [IAO:0000115]	x develops_in y if x is located in y whilst x is developing	
INFO	lowercase_definition	ends [RO:0002229]	definition [IAO:0000115]	inverse of ends with	
INFO	lowercase_definition	ends with [RO:0002230]	definition [IAO:0000115]	x ends with y if and only if x has part y and the time point at which x ends is equivalent to the time point at which y ends. Formally: α(y) > α(x) ∧ ω(y) = ω(x), where α is a function that maps a process to a start point, and ω is a function that maps a process to an end point.	
INFO	lowercase_definition	has start location [RO:0002231]	definition [IAO:0000115]	x 'has starts location' y if and only if there exists some process z such that x 'starts with' z and z 'occurs in' y	
INFO	lowercase_definition	has end location [RO:0002232]	definition [IAO:0000115]	x 'has end location' y if and only if there exists some process z such that x 'ends with' z and z 'occurs in' y	
INFO	lowercase_definition	has input [RO:0002233]	definition [IAO:0000115]	p has input c iff: p is a process, c is a material entity, c is a participant in p, c is present at the start of p, and the state of c is modified during p.	
INFO	lowercase_definition	has output [RO:0002234]	definition [IAO:0000115]	p has output c iff c is a participant in p, c is present at the end of p, and c is not present at the beginning of p.	
INFO	lowercase_definition	over-expressed in [RO:0002245]	definition [IAO:0000115]	g is over-expressed in t iff g is expressed in t, and the expression level of g is increased relative to some background.	
INFO	lowercase_definition	under-expressed in [RO:0002246]	definition [IAO:0000115]	g is under-expressed in t iff g is expressed in t, and the expression level of g is decreased relative to some background.	
INFO	lowercase_definition	active ingredient in\' [RO:0002249]	definition [IAO:0000115]	inverse of has active ingredient	
INFO	lowercase_definition	connecting branch of [RO:0002252]	definition [IAO:0000115]	b connecting-branch-of s iff b is connected to s, and there exists some tree-like structure t such that the mereological sum of b plus s is either the same as t or a branching-part-of t.	
INFO	lowercase_definition	has connecting branch [RO:0002253]	definition [IAO:0000115]	inverse of connecting branch of	
INFO	lowercase_definition	has developmental contribution from [RO:0002254]	definition [IAO:0000115]	x has developmental contribution from y iff x has some part z such that z develops from y@en	
INFO	lowercase_definition	developmentally contributes to [RO:0002255]	definition [IAO:0000115]	inverse of has developmental contribution from	
INFO	lowercase_definition	developmentally induced by [RO:0002256]	definition [IAO:0000115]	t1 induced_by t2 if there is a process of developmental induction (GO:0031128) with t1 and t2 as interacting participants. t2 causes t1 to change its fate from a precursor anatomical structure type T to T', where T' develops_from T	
INFO	lowercase_definition	has biological role [RO:0002260]	definition [IAO:0000115]	c has-biological-role r iff c has-role r and r is a biological role (CHEBI:24432)	
INFO	lowercase_definition	has application role [RO:0002261]	definition [IAO:0000115]	c has-application-role r iff c has-role r and r is an application role (CHEBI:33232)	
INFO	lowercase_definition	has chemical role [RO:0002262]	definition [IAO:0000115]	c has-chemical-role r iff c has-role r and r is a chemical role (CHEBI:51086)	
INFO	lowercase_definition	acts upstream of [RO:0002263]	definition [IAO:0000115]	c acts upstream of p if and only if c enables some f that is involved in p' and p' occurs chronologically before p, is not part of p, and affects the execution of p. c is a material entity and f, p, p' are processes.	
INFO	lowercase_definition	acts upstream of or within [RO:0002264]	definition [IAO:0000115]	c acts upstream of or within p if c is enables f, and f is causally upstream of or within p. c is a material entity and p is an process.	
INFO	lowercase_definition	developmentally replaces [RO:0002285]	definition [IAO:0000115]	x developmentally replaces y if and only if there is some developmental process that causes x to move or to cease to exist, and for the site that was occupied by x to become occupied by y, where y either comes into existence in this site or moves to this site from somewhere else	
INFO	lowercase_definition	ubiquitously expressed in [RO:0002291]	definition [IAO:0000115]	x is ubiquitously expressed in y if and only if x is expressed in y, and the majority of cells in y express x	
INFO	lowercase_definition	ubiquitously expresses [RO:0002293]	definition [IAO:0000115]	inverse of ubiquiotously expressed in	
INFO	lowercase_definition	results in developmental progression of [RO:0002295]	definition [IAO:0000115]	p results in the developmental progression of s iff p is a developmental process and s is an anatomical structure and p causes s to undergo a change in state at some point along its natural developmental cycle (this cycle starts with its formation, through the mature structure, and ends with its loss).	
INFO	lowercase_definition	results in development of [RO:0002296]	definition [IAO:0000115]	p 'results in development of' c if and only if p is a developmental process and p results in the state of c changing from its initial state as a primordium or anlage through its mature state and to its final state.	
INFO	lowercase_definition	has habitat [RO:0002303]	definition [IAO:0000115]	x 'has habitat' y if and only if: x is an organism, y is a habitat, and y can sustain and allow the growth of a population of xs.	
INFO	lowercase_definition	inheres in part of [RO:0002314]	definition [IAO:0000115]	q inheres in part of w if and only if there exists some p such that q inheres in p and p part of w.	
INFO	lowercase_definition	colocalizes with [RO:0002325]	definition [IAO:0000115]	a colocalizes_with b if and only if  a is transiently or peripherally associated with b[GO].	
INFO	lowercase_definition	part of structure that is capable of [RO:0002329]	definition [IAO:0000115]	this relation holds between c and p when c is part of some c', and c' is capable of p.	
INFO	lowercase_definition	genomically related to [RO:0002330]	definition [IAO:0000115]	holds between two entities when some genome-level process such as gene expression is involved. This includes transcriptional, spliceosomal events. These relations can be used between either macromolecule entities (such as regions of nucleic acid) or between their abstract informational counterparts.	
INFO	lowercase_definition	involved in [RO:0002331]	definition [IAO:0000115]	c involved_in p if and only if c enables some process p', and p' is part of p	
INFO	lowercase_definition	regulates levels of [RO:0002332]	definition [IAO:0000115]	p regulates levels of c if p regulates some amount (PATO:0000070) of c	
INFO	lowercase_definition	enabled by [RO:0002333]	definition [IAO:0000115]	inverse of enables	
INFO	lowercase_definition	regulated by [RO:0002334]	definition [IAO:0000115]	inverse of regulates	
INFO	lowercase_definition	negatively regulated by [RO:0002335]	definition [IAO:0000115]	inverse of negatively regulates	
INFO	lowercase_definition	positively regulated by [RO:0002336]	definition [IAO:0000115]	inverse of positively regulates	
INFO	lowercase_definition	results in commitment to [RO:0002348]	definition [IAO:0000115]	p 'results in commitment to' c if and only if p is a developmental process and c is a cell and p results in the state of c changing such that is can only develop into a single cell type.	
INFO	lowercase_definition	results in determination of [RO:0002349]	definition [IAO:0000115]	p 'results in determination of' c if and only if p is a developmental process and c is a cell and p results in the state of c changing to be determined. Once a cell becomes determined, it becomes committed to differentiate down a particular pathway regardless of its environment.	
INFO	lowercase_definition	member of [RO:0002350]	definition [IAO:0000115]	is member of is a mereological relation between a item and a collection.	
INFO	lowercase_definition	has member [RO:0002351]	definition [IAO:0000115]	has member is a mereological relation between a collection and an item.	
INFO	lowercase_definition	input of [RO:0002352]	definition [IAO:0000115]	inverse of has input	
INFO	lowercase_definition	output of [RO:0002353]	definition [IAO:0000115]	inverse of has output	
INFO	lowercase_definition	results in developmental induction of [RO:0002357]	definition [IAO:0000115]	p results in developmental induction of c if and only if p is a collection of cell-cell signaling processes that signal to a neighbouring tissue that is the precursor of the mature c, where the signaling results in the commitment to cell types necessary for the formation of c.	
INFO	lowercase_definition	attached to [RO:0002371]	definition [IAO:0000115]	a is attached to b if and only if a and b are discrete objects or object parts, and there are physical connections between a and b such that a force pulling a will move b, or a force pulling b will move a	
INFO	lowercase_definition	has muscle origin [RO:0002372]	definition [IAO:0000115]	m has_muscle_origin s iff m is attached_to s, and it is the case that when m contracts, s does not move. The site of the origin tends to be more proximal and have greater mass than what the other end attaches to.@en	
INFO	lowercase_definition	has muscle insertion [RO:0002373]	definition [IAO:0000115]	m has_muscle_insertion s iff m is attaches_to s, and it is the case that when m contracts, s moves. Insertions are usually connections of muscle via tendon to bone.@en	
INFO	lowercase_definition	derived from ancestral fusion of [RO:0002374]	definition [IAO:0000115]	x has_fused_element y iff: there exists some z : x has_part z, z homologous_to y, and y is a distinct element, the boundary between x and z is largely fiat@en	
INFO	lowercase_definition	tributary of [RO:0002376]	definition [IAO:0000115]	x tributary_of y if and only if x a channel for the flow of a substance into y, where y is larger than x. If x and y are hydrographic features, then y is the main stem of a river, or a lake or bay, but not the sea or ocean. If x and y are anatomical, then y is a vein.	
INFO	lowercase_definition	distributary of [RO:0002377]	definition [IAO:0000115]	x distributary_of y if and only if x is capable of channeling the flow of a substance to y, where y channels less of the substance than x	
INFO	lowercase_definition	anabranch of [RO:0002378]	definition [IAO:0000115]	x anabranch_of y if x is a distributary of y (i.e. it channels a from a larger flow from y) and x ultimately channels the flow back into y.	
INFO	lowercase_definition	spatially coextensive with [RO:0002379]	definition [IAO:0000115]	x spatially_coextensive_with y if and inly if x and y have the same location	
INFO	lowercase_definition	branching part of [RO:0002380]	definition [IAO:0000115]	x is a branching part of y if and only if x is part of y and x is connected directly or indirectly to the main stem of y	
INFO	lowercase_definition	main stem of [RO:0002381]	definition [IAO:0000115]	x main_stem_of y if y is a branching structure and x is a channel that traces a linear path through y, such that x has higher capacity than any other such path.	
INFO	lowercase_definition	proper distributary of [RO:0002382]	definition [IAO:0000115]	x proper_distributary_of y iff x distributary_of y and x does not flow back into y	
INFO	lowercase_definition	proper tributary of [RO:0002383]	definition [IAO:0000115]	x proper_tributary_of y iff x tributary_of y and x does not originate from y	
INFO	lowercase_definition	has developmental potential involving [RO:0002384]	definition [IAO:0000115]	x has developmental potential involving y iff x is capable of a developmental process with output y. y may be the successor of x, or may be a different structure in the vicinity (as for example in the case of developmental induction).@en	
INFO	lowercase_definition	has potential to developmentally contribute to [RO:0002385]	definition [IAO:0000115]	x has potential to developmentrally contribute to y iff x developmentally contributes to y or x is capable of developmentally contributing to y@en	
INFO	lowercase_definition	has potential to developmentally induce [RO:0002386]	definition [IAO:0000115]	x has potential to developmentally induce y iff x developmentally induces y or x is capable of developmentally inducing y@en	
INFO	lowercase_definition	has potential to develop into [RO:0002387]	definition [IAO:0000115]	x has the potential to develop into y iff x develops into y or if x is capable of developing into y@en	
INFO	lowercase_definition	has potential to directly develop into [RO:0002388]	definition [IAO:0000115]	x has potential to directly develop into y iff x directly develops into y or x is capable of directly developing into y@en	
INFO	lowercase_definition	has direct input [RO:0002400]	definition [IAO:0000115]	p has direct input c iff c is a participant in p, c is present at the start of p, and the state of c is modified during p.	
INFO	lowercase_definition	obsolete has direct output [RO:0002402]	definition [IAO:0000115]	p has direct input c iff c is a participanti n p, c is present at the end of p, and c is not present at the beginning of c. 	
INFO	lowercase_definition	causally downstream of [RO:0002404]	definition [IAO:0000115]	inverse of upstream of	
INFO	lowercase_definition	directly activates [RO:0002406]	definition [IAO:0000115]	p directly activates q if and only if p is immediately upstream of q and p is the realization of a function to increase the rate or activity of q	
INFO	lowercase_definition	indirectly activates [RO:0002407]	definition [IAO:0000115]	p indirectly activates q if and only if p is upstream of q and there is a chain of directly activates relationships connecting p and q, where the chain is of length greater than one.	
INFO	lowercase_definition	causally upstream of [RO:0002411]	definition [IAO:0000115]	p is causally upstream of q if and only if p precedes q and p and q are linked in a causal chain	
INFO	lowercase_definition	immediately causally upstream of [RO:0002412]	definition [IAO:0000115]	p is immediately causally upstream of q iff both (a) p immediately precedes q and (b) p is causally upstream of q. In addition, the output of p  must be an input of q.	
INFO	lowercase_definition	directly provides input for [RO:0002413]	definition [IAO:0000115]	p1 directly provides input for p2 iff there exists some c such that p1 has_output c and p2 has_input c	
INFO	lowercase_definition	transitively provides input for [RO:0002414]	definition [IAO:0000115]	transitive form of directly_provides_input_for	
INFO	lowercase_definition	causally upstream of or within [RO:0002418]	definition [IAO:0000115]	p 'causally upstream or within' q iff (1) the end of p is before the end of q and (2) the execution of p exerts some causal influence over the outputs of q; i.e. if p was abolished or the outputs of p were to be modified, this would necessarily affect q.	
INFO	lowercase_definition	causally downstream of or within [RO:0002427]	definition [IAO:0000115]	inverse of causally upstream of or within	
INFO	lowercase_definition	involved in regulation of [RO:0002428]	definition [IAO:0000115]	c involved in regulation of p if c is involved in some p' and p' regulates some p	
INFO	lowercase_definition	involved in positive regulation of [RO:0002429]	definition [IAO:0000115]	c involved in regulation of p if c is involved in some p' and p' positively regulates some p	
INFO	lowercase_definition	involved in negative regulation of [RO:0002430]	definition [IAO:0000115]	c involved in regulation of p if c is involved in some p' and p' negatively regulates some p	
INFO	lowercase_definition	involved in or involved in regulation of [RO:0002431]	definition [IAO:0000115]	c involved in or regulates p if and only if either (i) c is involved in p or (ii) c is involved in regulation of p	
INFO	lowercase_definition	is active in [RO:0002432]	definition [IAO:0000115]	c executes activity in d if and only if c enables p and p occurs_in d.  Assuming no action at a distance by gene products, if a gene product enables (is capable of) a process that occurs in some structure, it must have at least some part in that structure.	
INFO	lowercase_definition	contributes to morphology of [RO:0002433]	definition [IAO:0000115]	p contributes to morphology of w if and only if a change in the morphology of p entails a change in the morphology of w. Examples: every skull contributes to morphology of the head which it is a part of. Counter-example: nuclei do not generally contribute to the morphology of the cell they are part of, as they are buffered by cytoplasm.	
INFO	lowercase_definition	preyed upon by [RO:0002458]	definition [IAO:0000115]	inverse of preys on	
INFO	lowercase_definition	composed primarily of [RO:0002473]	definition [IAO:0000115]	x composed_primarily_of y if and only if more than half of the mass of x is made from y or units of the same type as y.	
INFO	lowercase_definition	child nucleus of [RO:0002476]	definition [IAO:0000115]	c is a child nucleus of d if and only if c and d are both nuclei and parts of cells c' and d', where c' is derived from d' by mitosis and the genetic material in c is a copy of the generic material in d	
INFO	lowercase_definition	has part that occurs in [RO:0002479]	definition [IAO:0000115]	p has part that occurs in c if and only if there exists some p1, such that p has_part p1, and p1 occurs in c.	
INFO	lowercase_definition	existence starts during [RO:0002488]	definition [IAO:0000115]	x existence starts during y if and only if the time point at which x starts is after or equivalent to the time point at which y starts and before or equivalent to the time point at which y ends. Formally: x existence starts during y iff α(x) >= α(y) & α(x) <= ω(y).	
INFO	lowercase_definition	existence starts with [RO:0002489]	definition [IAO:0000115]	x starts ends with y if and only if the time point at which x starts is equivalent to the time point at which y starts. Formally: x existence starts with y iff α(x) = α(y).	
INFO	lowercase_definition	existence overlaps [RO:0002490]	definition [IAO:0000115]	x existence overlaps y if and only if either (a) the start of x is part of y or (b) the end of x is part of y. Formally: x existence starts and ends during y iff (α(x) >= α(y) & α(x) <= ω(y)) OR (ω(x) <= ω(y) & ω(x) >= α(y))	
INFO	lowercase_definition	existence starts and ends during [RO:0002491]	definition [IAO:0000115]	x existence starts and ends during y if and only if the start of x is part of y and the end of x is part of y. Formally: x existence starts and ends during y iff α(x) >= α(y) & α(x) <= ω(y) & ω(x) <= ω(y) & ω(x) >= α(y)	
INFO	lowercase_definition	existence ends during [RO:0002492]	definition [IAO:0000115]	x existence ends during y if and only if the time point at which x ends is before or equivalent to the time point at which y ends and after or equivalent to the point at which y starts. Formally: x existence ends during y iff ω(x) <= ω(y) and ω(x) >= α(y).	
INFO	lowercase_definition	existence ends with [RO:0002493]	definition [IAO:0000115]	x existence ends with y if and only if the time point at which x ends is equivalent to the time point at which y ends. Formally: x existence ends with y iff ω(x) = ω(y).	
INFO	lowercase_definition	transformation of [RO:0002494]	definition [IAO:0000115]	x transformation of y if x is the immediate transformation of y, or is linked to y through a chain of transformation relationships	
INFO	lowercase_definition	immediate transformation of [RO:0002495]	definition [IAO:0000115]	x immediate transformation of y iff x immediately succeeds y temporally at a time boundary t, and all of the matter present in x at t is present in y at t, and all the matter in y at t is present in x at t	
INFO	lowercase_definition	existence starts during or after [RO:0002496]	definition [IAO:0000115]	x existence starts during or after y if and only if the time point at which x starts is after or equivalent to the time point at which y starts. Formally: x existence starts during or after y iff α (x) >= α (y).	
INFO	lowercase_definition	existence ends during or before [RO:0002497]	definition [IAO:0000115]	x existence ends during or before y if and only if the time point at which x ends is before or equivalent to the time point at which y ends.	
INFO	lowercase_definition	causal relation between processes [RO:0002501]	definition [IAO:0000115]	p is causally related to q if and only if p or any part of p and q or any part of q are linked by a chain of events where each event pair is one of direct activation or direct inhibition. p may be upstream, downstream, part of or a container of q.	
INFO	lowercase_definition	towards [RO:0002503]	definition [IAO:0000115]	q towards e2 if and only if q is a relational quality such that q inheres-in some e, and e != e2 and q is dependent on e2	
INFO	lowercase_definition	has intermediate [RO:0002505]	definition [IAO:0000115]	p has intermediate c if and only if p has parts p1, p2 and p1 has output c, and p2 has input c	
INFO	lowercase_definition	determined by [RO:0002507]	definition [IAO:0000115]	s determined by f if and only if s is a type of system, and f is a material entity that is part of s, such that f exerts a strong causal influence on the functioning of s, and the removal of f would cause the collapse of s.	
INFO	lowercase_definition	determines [RO:0002508]	definition [IAO:0000115]	inverse of determined by	
INFO	lowercase_definition	determined by part of [RO:0002509]	definition [IAO:0000115]	s 'determined by part of' w if and only if there exists some f such that (1) s 'determined by' f and (2) f part_of w, or f=w.	
INFO	lowercase_definition	transcribed from [RO:0002510]	definition [IAO:0000115]	x is transcribed from y if and only if x is synthesized from template y	
INFO	lowercase_definition	transcribed to [RO:0002511]	definition [IAO:0000115]	inverse of transcribed from	
INFO	lowercase_definition	ribosomal translation of [RO:0002512]	definition [IAO:0000115]	x is the ribosomal translation of y if and only if a ribosome reads x through a series of triplet codon-amino acid adaptor activities (GO:0030533) and produces y	
INFO	lowercase_definition	ribosomally translates to [RO:0002513]	definition [IAO:0000115]	inverse of ribosomal translation of	
INFO	lowercase_definition	sequentially adjacent to [RO:0002515]	definition [IAO:0000115]	x is sequentially adjacent to y iff x and y do not overlap and if there are no base units intervening between x and y	
INFO	lowercase_definition	has start sequence [RO:0002516]	definition [IAO:0000115]	x has start sequence y if the start of x is identical to the start of y, and x has y as a subsequence	
INFO	lowercase_definition	is start sequence of [RO:0002517]	definition [IAO:0000115]	inverse of has start sequence	
INFO	lowercase_definition	has end sequence [RO:0002518]	definition [IAO:0000115]	x has end sequence y if the end of x is identical to the end of y, and x has y as a subsequence	
INFO	lowercase_definition	is end sequence of [RO:0002519]	definition [IAO:0000115]	inverse of has end sequence	
INFO	lowercase_definition	is consecutive sequence of [RO:0002520]	definition [IAO:0000115]	x is a consecutive sequence of y iff x has subsequence y, and all the parts of x are made of zero or more repetitions of y or sequences as the same type as y.	
INFO	lowercase_definition	is sequentially aligned with [RO:0002521]	definition [IAO:0000115]	x is sequentially aligned with if a significant portion bases of x and y correspond in terms of their base type and their relative ordering	
INFO	lowercase_definition	bounds sequence of [RO:0002522]	definition [IAO:0000115]	x bounds the sequence of y iff the upstream-most part of x is upstream of or coincident with the upstream-most part of y, and the downstream-most part of x is downstream of or coincident with the downstream-most part of y	
INFO	lowercase_definition	is bound by sequence of [RO:0002523]	definition [IAO:0000115]	inverse of bounds sequence of	
INFO	lowercase_definition	has subsequence [RO:0002524]	definition [IAO:0000115]	x has subsequence y iff all of the sequence parts of x are sequence parts of y	
INFO	lowercase_definition	is subsequence of [RO:0002525]	definition [IAO:0000115]	inverse of has subsequence	
INFO	lowercase_definition	overlaps sequence of [RO:0002526]	definition [IAO:0000115]	x overlaps the sequence of x if and only if x has a subsequence z and z is a subsequence of y.	
INFO	lowercase_definition	does not overlap sequence of [RO:0002527]	definition [IAO:0000115]	x does not overlaps the sequence of x if and only if there is no z such that x has a subsequence z and z is a subsequence of y.	
INFO	lowercase_definition	is upstream of sequence of [RO:0002528]	definition [IAO:0000115]	inverse of downstream of sequence of	
INFO	lowercase_definition	is downstream of sequence of [RO:0002529]	definition [IAO:0000115]	x is downstream of the sequence of y iff either (1) x and y have sequence units, and all units of x are downstream of all units of y, or (2) x and y are sequence units, and x is either immediately downstream of y, or transitively downstream of y.	
INFO	lowercase_definition	is immediately downstream of sequence of [RO:0002530]	definition [IAO:0000115]	x is immediately downstream of the sequence of y iff either (1) x and y have sequence units, and all units of x are downstream of all units of y, and x is sequentially adjacent to y, or (2) x and y are sequence units, in which case the immediately downstream relation is primitive and defined by context: for DNA bases, y would be adjacent and 5' to y	
INFO	lowercase_definition	is immediately upstream of sequence of [RO:0002531]	definition [IAO:0000115]	inverse of immediately downstream of	
INFO	lowercase_definition	results in ending of [RO:0002552]	definition [IAO:0000115]	p results in the end of s if p results in a change of state in s whereby s either ceases to exist, or s becomes functionally impaired or s has its fate committed such that it is put on a path to be degraded.	
INFO	lowercase_definition	hyperparasite of [RO:0002553]	definition [IAO:0000115]	x is a hyperparasite of y iff x is a parasite of a parasite of the target organism y	
INFO	lowercase_definition	hyperparasitized by [RO:0002554]	definition [IAO:0000115]	inverse of hyperparasite of	
INFO	lowercase_definition	has evidence [RO:0002558]	definition [IAO:0000115]	inverse of is evidence for	
INFO	lowercase_definition	has muscle antagonist [RO:0002568]	definition [IAO:0000115]	m1 has_muscle_antagonist m2 iff m1 has_muscle_insertion s, m2 has_muscle_insection s, m1 acts in opposition to m2, and m2 is responsible for returning the structure to its initial position.	
INFO	lowercase_definition	has branching part [RO:0002569]	definition [IAO:0000115]	inverse of branching part of	
INFO	lowercase_definition	conduit for [RO:0002570]	definition [IAO:0000115]	x is a conduit for y iff y overlaps through the lumen_of of x, and y has parts on either side of the lumen of x.	
INFO	lowercase_definition	lumen of [RO:0002571]	definition [IAO:0000115]	x lumen_of y iff x is the space or substance that is part of y and does not cross any of the inner membranes or boundaries of y that is maximal with respect to the volume of the convex hull.	
INFO	lowercase_definition	luminal space of [RO:0002572]	definition [IAO:0000115]	s is luminal space of x iff s is lumen_of x and s is an immaterial entity	
INFO	lowercase_definition	is direct form of [RO:0002575]	definition [IAO:0000115]	relation p is the direct form of relation q iff p is a subPropertyOf q, p does not have the Transitive characteristic, q does have the Transitive characteristic, and for all x, y: x q y -> exists z1, z2, ..., zn such that x p z1 ... z2n y	
INFO	lowercase_definition	skeleton of [RO:0002576]	definition [IAO:0000115]	inverse of has skeleton	
INFO	lowercase_definition	is indirect form of [RO:0002579]	definition [IAO:0000115]	relation p is the indirect form of relation q iff p is a subPropertyOf q, and there exists some p' such that p' is the direct form of q, p' o p' -> p, and forall x,y : x q y -> either (1) x p y or (2) x p' y	
INFO	lowercase_definition	existence starts at end of [RO:0002583]	definition [IAO:0000115]	holds between x and y if and only if the time point at which x starts is equivalent to the time point at which y ends. Formally: iff α(x) = ω(y).	
INFO	lowercase_definition	has part structure that is capable of [RO:0002584]	definition [IAO:0000115]	s 'has part structure that is capable of' p if and only if there exists some part x such that s 'has part' x and x 'capable of' p	
INFO	lowercase_definition	results in breakdown of [RO:0002586]	definition [IAO:0000115]	p results in breakdown of c if and only if the execution of p leads to c no longer being present at the end of p	
INFO	lowercase_definition	results in catabolism of [RO:0002589]	definition [IAO:0000115]	p results in catabolism of c if and only if p is a catabolic process, and the execution of p results in c being broken into smaller parts with energy being released.	
INFO	lowercase_definition	results in organization of [RO:0002592]	definition [IAO:0000115]	p results in organization of c iff p results in the assembly, arrangement of constituent parts, or disassembly of c	
INFO	lowercase_definition	existence ends at start of [RO:0002593]	definition [IAO:0000115]	holds between x and y if and only if the time point at which x ends is equivalent to the time point at which y starts. Formally: iff ω(x) = α(y).	
INFO	lowercase_definition	is approximately equivalent to [RO:0002603]	definition [IAO:0000115]	x is approximately equivalent to y if it is the case that x is equivalent, identical or near-equivalent to y	
INFO	lowercase_definition	is opposite of [RO:0002604]	definition [IAO:0000115]	x is the opposite of y if there exists some distance metric M, and there exists no z such as M(x,z) <= M(x,y) or M(y,z) <= M(y,x).	
INFO	lowercase_definition	is indistinguishable from [RO:0002605]	definition [IAO:0000115]	x is indistinguishable from y if there exists some distance metric M, and there exists no z such as M(x,z) <= M(x,y) or M(y,z) <= M(y,x).	
INFO	lowercase_definition	is substance that treats [RO:0002606]	definition [IAO:0000115]	c is a substance that treats d if c is a material entity (such as a small molecule or compound) and d is a pathological process, phenotype or disease, and c is capable of some activity that negative regulates or decreases the magnitude of d.	
INFO	lowercase_definition	is marker for [RO:0002607]	definition [IAO:0000115]	c is marker for d iff the presence or occurrence of d is correlated with the presence of occurrence of c, and the observation of c is used to infer the presence or occurrence of d. Note that this does not imply that c and d are in a direct causal relationship, as it may be the case that there is a third entity e that stands in a direct causal relationship with c and d.	
INFO	lowercase_definition	is representative IRI for equivalence set [RO:0002617]	definition [IAO:0000115]	this property relates an IRI to the xsd boolean value \"True\" if the IRI is intended to be the representative IRI for a collection of classes that are mutually equivalent.	
INFO	lowercase_definition	has ectoparasite [RO:0002633]	definition [IAO:0000115]	inverse of ectoparasite of	
INFO	lowercase_definition	has mesoparasite [RO:0002637]	definition [IAO:0000115]	inverse of mesoparasite of	
INFO	lowercase_definition	has intercellular endoparasite [RO:0002639]	definition [IAO:0000115]	inverse of intercellular endoparasite of	
INFO	lowercase_definition	has intracellular endoparasite [RO:0002641]	definition [IAO:0000115]	inverse of intracellular endoparasite of	
INFO	lowercase_definition	produces [RO:0003000]	definition [IAO:0000115]	a produces b if some process that occurs_in a has_output b, where a and b are material entities. Examples: hybridoma cell line produces monoclonal antibody reagent; chondroblast produces avascular GAG-rich matrix.	
INFO	lowercase_definition	produced by [RO:0003001]	definition [IAO:0000115]	a produced_by b iff some process that occurs_in b has_output a.	
INFO	lowercase_definition	has primary input or output [RO:0004007]	definition [IAO:0000115]	p 'has primary input ot output' c iff either (a) p 'has primary input' c or (b) p 'has primary output' c.	
INFO	lowercase_definition	has primary output [RO:0004008]	definition [IAO:0000115]	p has primary output c if (a) p has output c and (b) the goal of process is to modify, produce, or transform c.	
INFO	lowercase_definition	has primary input [RO:0004009]	definition [IAO:0000115]	p has primary input c if (a) p has input c and (b) the goal of process is to modify, consume, or transform c.	
INFO	lowercase_definition	acts upstream of, positive effect [RO:0004034]	definition [IAO:0000115]	c 'acts upstream of, positive effect' p if c is enables f, and f is causally upstream of p, and the direction of f is positive	
INFO	lowercase_definition	acts upstream of, negative effect [RO:0004035]	definition [IAO:0000115]	c 'acts upstream of, negative effect' p if c is enables f, and f is causally upstream of p, and the direction of f is negative	
INFO	lowercase_definition	has epiphyte [RO:0008502]	definition [IAO:0000115]	inverse of epiphyte of	
INFO	lowercase_definition	kleptoparasitized by [RO:0008504]	definition [IAO:0000115]	inverse of kleptoparasite of	
INFO	lowercase_definition	has eggs laid on by [RO:0008508]	definition [IAO:0000115]	inverse of lays eggs on	
INFO	lowercase_definition	has substance added [RO:0009001]	definition [IAO:0000115]	\"has substance added\" is a relation existing between a (physical) entity and a substance in which the entity has had the substance added to it at some point in time.@en	
INFO	lowercase_definition	has substance removed [RO:0009002]	definition [IAO:0000115]	\"has substance removed\" is a relation existing between two physical entities in which the first entity has had the second entity (a substance) removed from it at some point in time.@en	
INFO	lowercase_definition	immersed in [RO:0009003]	definition [IAO:0000115]	\"immersed in\" is a relation between a (physical) entity and a fluid substance in which the entity is wholely or substantially surrounded by the substance.@en	
INFO	lowercase_definition	has consumer [RO:0009004]	definition [IAO:0000115]	'has consumer' is a relation between a material entity and an organism in which the former can normally be digested or otherwise absorbed by the latter without immediate or persistent ill effect.@en	
INFO	lowercase_definition	has primary substance added [RO:0009005]	definition [IAO:0000115]	'has primary substance added' indicates that an entity has had the given substance added to it in a proportion greater than any other added substance.@en	
INFO	lowercase_definition	realized in response to [RO:0009501]	definition [IAO:0000115]	r 'realized in response to' s iff, r is a realizable (e.g. a plant trait such as responsivity to drought), s is an environmental stimulus (a process), and s directly causes the realization of r.	
INFO	lowercase_definition	is carrier of [RO:0010002]	definition [IAO:0000115]	*b* is carrier of *c* at time *t* if and only if *c* *g-depends on* *b* at *t*	
INFO	lowercase_definition	has anatomical participant [RO:0040036]	definition [IAO:0000115]	p has anatomical participant c iff p has participant c, and c is an anatomical entity	
INFO	lowercase_definition	in pro-orthology relationship with [RO:HOM0000025]	definition [IAO:0000115]	1:many orthology that involves a gene in species A and one of its ortholog in species B, when duplications more recent than the species split have occurred in species B but not in species A.	
INFO	lowercase_definition	in semi-orthology relationship with [RO:HOM0000026]	definition [IAO:0000115]	1:many orthology that involves a gene in species A and its ortholog in species B, when duplications more recent than the species split have occurred in species A but not in species B.	
INFO	missing_superclass	GO_0004872 [GO:0004872]	rdfs:subClassOf		
INFO	missing_superclass	Obsolete Class [oboInOwl:ObsoleteClass]	rdfs:subClassOf		
INFO	missing_superclass	image [foaf:image]	rdfs:subClassOf		
